fecha,lluvia_mm,lluvia_24h_mm,lluvia_48h_mm,lluvia_72h_mm,humedad_superficial,humedad_antecedente_3obs,nivel_alerta
2020-01-03,5.983122452445653,5.983122452445653,7.885036193704566,7.885036193704566,0.4110182780643989,0.5679103031583216,Verde
2020-01-04,0.0,0.0,5.983122452445653,7.885036193704566,0.5596967680358338,0.4894642906113602,Verde
2020-01-06,0.0,0.0,9.225209219071568,9.225209219071568,0.4111151916199717,0.5128751164195181,Verde
2020-01-09,2.6371184720610925,2.6371184720610925,6.312113526938619,6.312113526938619,0.5609714950638255,0.4606100792400681,Verde
2020-01-11,0.0,0.0,1.6808762538158681,4.317994725876961,0.5105815022841267,0.5105944849065436,Verde
2020-01-12,1.777454735576243,1.777454735576243,1.777454735576243,3.458330989392111,0.5209932108035032,0.49422272965597464,Verde
2020-01-14,2.7039073283918276,2.7039073283918276,4.792636527429762,6.570091263006005,0.5100168619176436,0.5308487360504851,Verde
2020-01-17,3.095337188050774,3.095337188050774,3.095337188050774,3.095337188050774,0.5679103031583216,0.5138638583350912,Verde
2020-01-19,2.086222890901037,2.086222890901037,6.2738004434037595,9.369137631454533,0.5679103031583216,0.5329734586264895,Verde
2020-01-22,76.84772858534323,76.84772858534323,163.6302944266278,165.00590566641637,0.4655128365446781,0.5486124894114289,Verde
2020-01-25,0.0,0.0,13.065238321731972,29.909559349066566,0.5651540650033402,0.5337778142871071,Verde
2020-01-27,4.41010137917339,4.41010137917339,4.41010137917339,4.41010137917339,0.5213346278413813,0.5328590682354467,Verde
2020-01-28,23.355057039122652,23.355057039122652,27.765158418296043,27.765158418296043,0.5049457480681353,0.5173338431297999,Verde
2020-01-30,0.0,0.0,170.543464676905,193.89852171602763,0.5247214710575411,0.5304781469709522,Verde
2020-02-02,22.1892471329737,22.1892471329737,22.1892471329737,22.1892471329737,0.5679103031583216,0.5170006156556859,Verde
2020-02-04,0.0,0.0,0.0,22.1892471329737,0.5679103031583216,0.5325258407613326,Verde
2020-02-05,0.0,0.0,0.0,0.0,0.5682567625210203,0.5535140257913946,Verde
2020-02-07,0.0,0.0,0.0,0.0,0.5218195648028933,0.5680257896125545,Verde
2020-02-10,6.723825214464038,6.723825214464038,18.898252010345463,19.123649327651318,0.5679103031583216,0.552662210160745,Verde
2020-02-12,9.361990702629903,9.361990702629903,17.59384644143315,24.31767165589719,0.3823264650572305,0.552662210160745,Verde
2020-02-13,0.0,0.0,9.361990702629903,17.59384644143315,0.5682567625210203,0.4906854443394817,Verde
2020-02-15,0.9979197554169612,0.9979197554169612,0.9979197554169612,0.9979197554169612,0.5509248730841647,0.5061645102455241,Verde
2020-02-18,0.0,0.0,7.565422775597015,15.540309401119458,0.5679103031583216,0.5005027002208052,Verde
2020-02-20,6.973863103708852,6.973863103708852,6.973863103708852,6.973863103708852,0.5157439023926017,0.5623639795878356,Verde
2020-02-21,14.824552994554917,14.824552994554917,21.79841609826377,21.79841609826377,0.5684171525770397,0.5448596928783626,Verde
2020-02-23,0.0,0.0,10.558768330124435,25.38332132467935,0.5643289102905098,0.5506904527093209,Verde
2020-02-26,0.0,0.0,1.582013062707197,1.582013062707197,0.5340545146629727,0.549496655086717,Verde
2020-02-28,0.0,0.0,0.0,0.0,0.4094441253906008,0.555600192510174,Verde
2020-02-29,9.28090644878703,9.28090644878703,9.28090644878703,9.28090644878703,0.5682567625210203,0.5026091834480276,Verde
2020-03-02,0.0,0.0,14.828250315081636,24.10915676386867,0.5403092554930983,0.5039184675248646,Verde
2020-03-05,0.0,0.0,0.0,8.60526496207521,0.5679103031583216,0.5060033811349064,Verde
2020-03-07,8.043909158649752,8.043909158649752,8.043909158649752,8.043909158649752,0.3623320433771473,0.5588254403908133,Verde
2020-03-08,9.616571875179515,9.616571875179515,17.660481033829267,17.660481033829267,0.5682567625210203,0.49018386734285563,Verde
2020-03-10,0.0,0.0,0.0,9.616571875179515,0.3703808198715079,0.4994997030188297,Verde
2020-03-13,3.3638258407183015,3.3638258407183015,3.3638258407183015,3.3638258407183015,0.5568902705246483,0.43365654192322517,Verde
2020-03-15,0.2585454649734172,0.2585454649734172,0.2585454649734172,3.622371305691719,0.42401544527804597,0.4985092843057255,Verde
2020-03-16,0.0,0.0,0.2585454649734172,0.2585454649734172,0.5684171525770397,0.45042884522473403,Verde
2020-03-18,0.0,0.0,0.0,0.0,0.420870703612936,0.516440956126578,Verde
2020-03-21,0.0,0.0,0.0,10.322472034919395,0.4959246013527629,0.47110110048934056,Verde
2020-03-23,0.0,0.0,0.0,0.0,0.4131717621081176,0.49507081918091284,Verde
2020-03-24,1.8331623451382508,1.8331623451382508,1.8331623451382508,1.8331623451382508,0.5684171525770397,0.4433223556912722,Verde
2020-03-26,0.0,0.0,0.0,1.8331623451382508,0.40532262794587803,0.4925045053459734,Verde
2020-03-29,9.015748607736315,9.015748607736315,14.74578510058404,14.74578510058404,0.5424908000504833,0.4623038475436784,Verde
2020-03-31,9.502415987943241,9.502415987943241,18.18220482701841,27.197953434754723,0.37765051638600466,0.505410193524467,Verde
2020-04-01,0.0,0.0,9.502415987943243,18.18220482701841,0.49023063456875154,0.44182131479412207,Verde
2020-04-03,0.0,0.0,8.506818338834824,8.506818338834824,0.3527019172050487,0.4701239836684132,Verde
2020-04-06,0.0,0.0,0.0,0.0,0.4085710031547765,0.40686102271993496,Verde
2020-04-08,0.0,0.0,0.0,0.0,0.3853109333109348,0.4171678516428589,Verde
2020-04-09,4.07197946660659,4.07197946660659,4.071979466606591,4.071979466606591,0.5602895733953892,0.38219461789025333,Verde
2020-04-11,0.49628150757824574,0.49628150757824574,0.5307787881381287,4.602758254744718,0.5412694824502823,0.4513905032870335,Verde
2020-04-14,21.21186854873878,21.21186854873878,44.11566039587022,44.11566039587022,0.5020422787330616,0.4956233297188688,Verde
2020-04-16,0.0,0.0,0.0,21.21186854873878,0.24023854938046682,0.534533778192911,Verde
2020-04-17,0.0,0.0,0.0,0.0,0.5679103031583216,0.42785010352127023,Verde
2020-04-19,0.0,0.0,0.0,0.0,0.3449436361077188,0.43673037709061663,Verde
2020-04-22,0.0,0.0,0.0,0.0,0.4742068143069059,0.38436416288216907,Verde
2020-04-24,0.0,0.0,0.0,0.0,0.29631007907668605,0.4623535845243154,Verde
2020-04-25,0.0,0.0,0.0,0.0,0.5399831592522818,0.3718201764971036,Verde
2020-04-27,45.974068343283676,45.974068343283676,45.974068343283676,45.974068343283676,0.26208274083191085,0.4368333508786246,Verde
2020-04-30,9.077846317340043,9.077846317340043,11.648828706473038,11.648828706473038,0.5189629145737351,0.36612532638695955,Verde
2020-05-03,0.0,0.0,0.0,14.803282101136034,0.5679103031583216,0.4403429382193093,Verde
2020-05-05,8.133911601112931,8.133911601112931,8.133911601112931,8.133911601112931,0.30178280585798717,0.44965198618798913,Verde
2020-05-08,16.598532727917142,16.598532727917142,25.46842917111423,38.51852414593775,0.487367271263709,0.4628853411966813,Verde
2020-05-10,0.0,0.0,0.0,16.59853272791714,0.38873849989011366,0.45235346009333927,Verde
2020-05-11,4.918045407569215,4.918045407569215,4.918045407569219,4.918045407569215,0.5679103031583216,0.3926295256706032,Verde
2020-05-13,0.0,0.0,2.551065042500609,7.46911045006982,0.3843608070379016,0.4813386914373814,Verde
2020-05-16,0.0,0.0,0.0,0.0,0.48385338416729845,0.4470032033621123,Verde
2020-05-18,11.791309666450676,11.791309666450676,11.79130966645068,11.791309666450676,0.3581420681599913,0.47870816478784056,Verde
2020-05-19,14.391492411100447,14.391492411100447,26.182802077551127,26.182802077551123,0.5679103031583216,0.4087854197883971,Verde
2020-05-21,3.7676096009273157,3.7676096009273157,6.369594673773013,20.761087084873456,0.4029809200721578,0.4699685851618704,Verde
2020-05-24,0.34495412678364906,0.34495412678364906,4.325895585215005,14.181984617023112,0.39463138764493927,0.4430110971301569,Verde
2020-05-26,5.32959428772597,5.32959428772597,7.471960425986662,7.816914552770307,0.3251072868876073,0.45517420362513955,Verde
2020-05-27,15.661198146914382,15.661198146914382,20.990792434640355,23.133158572901042,0.5679103031583216,0.3742398648682348,Verde
2020-05-29,4.492308941846817,4.492308941846817,24.71854633077637,40.37974447769076,0.5330713830631354,0.4292163258969561,Verde
2020-06-01,3.9866887516987592,3.9866887516987592,4.672068906460474,16.730480139619356,0.44990669764663976,0.4753629910363548,Verde
2020-06-03,3.3638320898054404,3.3638320898054404,6.755763053894043,10.742451805592808,0.5679103031583216,0.5169627946226989,Verde
2020-06-04,3.8739548989675647,3.8739548989675647,7.237786988773005,10.629717952861611,0.21977349858859488,0.5169627946226989,Verde
2020-06-06,0.0,0.0,5.707229639867993,9.581184538835561,0.3505297173885093,0.41253016646451873,Verde
2020-06-09,4.247302925291981,4.247302925291981,4.247302925291982,10.929996688042767,0.49334733547835513,0.3794045063784752,Verde
2020-06-11,7.720321572751748,7.720321572751748,21.292759216045177,25.54006214133716,0.5271093057659405,0.3545501838184864,Verde
2020-06-12,16.996663361050995,16.996663361050995,24.716984933802742,38.289422577096175,0.5679103031583216,0.4569954528776017,Verde
2020-06-14,14.411818859623926,14.411818859623926,23.898112419011348,40.894775780062346,0.5571079033202138,0.5294556481342058,Verde
2020-06-17,2.2104513496795684,2.2104513496795684,12.166376870001677,15.069754040556292,0.4721586726520253,0.5507091707481586,Verde
2020-06-19,5.118024842310235,5.118024842310235,17.12413930120574,19.33459065088531,0.5086034220436015,0.5323922930435202,Verde
2020-06-20,21.1189539389842,21.1189539389842,26.236978781294436,38.243093240189935,0.5539804900857224,0.5126233326719468,Verde
2020-06-22,7.896006117899605,7.896006117899605,23.841414484526503,44.9603684235107,0.34537727893873155,0.511580861593783,Verde
2020-06-25,0.05570760915549718,0.05570760915549718,22.82794726819741,50.365442886986706,0.5039681017227556,0.4693203970226852,Verde
2020-06-27,0.0,0.0,15.571520732999971,15.627228342155469,0.4545414626769635,0.4677752902490699,Verde
2020-06-28,76.25123146753076,76.25123146753076,76.25123146753076,91.82275220053073,0.5679103031583216,0.4346289477794836,Verde
2020-06-30,0.0,0.0,0.0,76.25123146753076,0.34401911180252315,0.5088066225193469,Verde
2020-07-03,5.285457531407871,5.285457531407871,5.3882713655275065,17.91024165425866,0.5031231219569842,0.4554902925459361,Verde
2020-07-05,5.605295079646717,5.605295079646717,17.668533619509127,22.953991150917,0.2366811327379325,0.4716841789726096,Verde
2020-07-06,0.0,0.0,5.605295079646717,17.668533619509127,0.5679103031583216,0.36127445549914655,Verde
2020-07-08,15.819235324453109,15.819235324453109,15.819235324453109,15.819235324453109,0.35500458602247564,0.4359048526177461,Verde
2020-07-11,21.210133954183934,21.210133954183934,21.210133954183934,21.210133954183934,0.539859144937718,0.3865320073062432,Verde
2020-07-13,28.394208389373286,28.394208389373286,35.18369473378473,56.39382868796867,0.5656550463433822,0.4875913447061717,Verde
2020-07-14,16.668229304717734,16.668229304717734,45.06243769409102,51.85192403850247,0.5679103031583216,0.48683959243452524,Verde
2020-07-16,3.4919833185727644,3.4919833185727644,10.281469662984216,26.94969896770195,0.22720522925942793,0.5578081648131407,Verde
2020-07-19,18.580467949336352,18.580467949336352,23.108267628628283,23.423277996994962,0.3582449445779296,0.4535901929203772,Verde
2020-07-21,15.215061353600547,15.215061353600547,35.435436821146496,54.01590477048285,0.48725840723377534,0.384453492331893,Verde
2020-07-22,6.027557167352414,6.027557167352414,21.24261852095296,41.46299398849891,0.5661156487533415,0.357569527023711,Verde
2020-07-24,2.9535978651412615,2.9535978651412615,2.9535978651412615,8.981155032493676,0.41172748285063204,0.47053966685501547,Verde
2020-07-27,0.0,0.0,17.604080189626032,17.604080189626032,0.2946744253751875,0.488367179612583,Verde
2020-07-29,24.129807539709798,24.129807539709798,24.129807539709798,24.129807539709798,0.347327883986906,0.4241725189930537,Verde
2020-07-30,6.309940461714046,6.309940461714046,30.439748001423844,30.439748001423844,0.5553322968811825,0.3512432640709085,Verde
2020-08-01,0.0,0.0,0.0,6.309940461714046,0.29040451519105626,0.3991115354144253,Verde
2020-08-04,2.2576276951128866,2.2576276951128866,7.609542487120893,7.609542487120893,0.35059593635043873,0.39768823201971487,Verde
2020-08-06,10.862487894596448,10.862487894596448,16.066698994884508,18.324326689997392,0.4529034496638281,0.3987775828075592,Verde
2020-08-07,0.0,0.0,10.862487894596448,16.066698994884504,0.5679103031583216,0.3646346337351077,Verde
2020-08-09,12.367372710381627,12.367372710381627,17.774489590985493,17.774489590985493,0.3139493763446808,0.4571365630575295,Verde
2020-08-12,10.864879230912283,10.864879230912283,15.866725080560034,15.886704481877736,0.5164298620717279,0.44492104305561014,Verde
2020-08-14,7.786352567355652,7.786352567355652,15.158536940076267,26.023416170988547,0.44012507890490277,0.4660965138582434,Verde
2020-08-15,16.265683790403664,16.265683790403664,24.052036357759317,31.424220730479927,0.5679103031583216,0.42350143910710386,Verde
2020-08-17,4.665561982534528,4.665561982534528,34.07545881929911,50.34114260970277,0.2601842575907286,0.5081550813783174,Verde
2020-08-20,0.0,0.0,3.142544756968207,6.386401357756446,0.34864415956297135,0.4227398798846509,Verde
2020-08-22,0.007061354644463191,0.007061354644463191,2.2311403411936785,2.231140341193675,0.23160664695367383,0.39224624010400716,Verde
2020-08-23,0.0,0.0,0.007061354644463191,2.231140341193675,0.5553408826904735,0.2801450213691246,Verde
2020-08-25,8.275553987052637,8.275553987052637,8.275553987052637,8.275553987052634,0.24600416327687513,0.3785305630690396,Verde
2020-08-28,22.58609723597638,22.58609723597638,22.58609723597638,36.701464742447506,0.43031852852784847,0.34431723097367417,Verde
2020-08-30,17.607522172594518,17.607522172594518,17.607522172594518,40.193619408570896,0.32480157749063665,0.4105545248317324,Verde
2020-08-31,0.0,0.0,17.607522172594518,17.607522172594518,0.5679103031583216,0.33370808976512006,Verde
2020-09-02,0.0,0.0,0.0,0.0,0.40055614735545775,0.44101013639226894,Verde
2020-09-05,0.0,0.0,0.0,0.0,0.5679103031583216,0.43108934266813864,Verde
2020-09-07,7.4303776768670575,7.4303776768670575,7.4303776768670575,7.4303776768670575,0.3738830674482488,0.512125584557367,Verde
2020-09-08,10.88899486733621,10.88899486733621,18.31937254420327,18.31937254420327,0.5684171525770397,0.44744983932067606,Verde
2020-09-10,0.0,0.0,0.0,10.88899486733621,0.4489264611540169,0.50340350772787,Verde
2020-09-13,4.52107082689713,4.52107082689713,4.5210708268971285,4.5210708268971285,0.5679103031583216,0.4637422270597685,Verde
2020-09-15,0.0,0.0,4.166632874034351,8.68770370093148,0.5571467508187239,0.5284179722964594,Verde
2020-09-16,9.513565815928036,9.513565815928036,9.513565815928034,13.680198689962387,0.5682567625210203,0.5246611717103541,Verde
2020-09-18,8.525802096442494,8.525802096442494,15.490847362378469,25.004413178306507,0.3742608505932764,0.5644379388326886,Verde
2020-09-21,9.425645583527574,9.425645583527574,28.65816378369864,43.23298822664747,0.5040830388507236,0.49988812131100674,Verde
2020-09-23,2.38727877227445,2.38727877227445,8.518653203357715,17.94429878688529,0.2328019865799224,0.48220021732167345,Verde
2020-09-24,10.651574487271516,10.651574487271516,13.038853259545963,19.170227690629233,0.5529609791163741,0.3703819586746408,Verde
2020-09-26,0.0,0.0,19.169656299873992,29.821230787145506,0.38185028286500905,0.42994866818233995,Verde
2020-09-29,0.0,0.0,0.0,4.365354689795642,0.5508821438783886,0.38920441618710183,Verde
2020-10-01,15.811961583367601,15.811961583367601,20.177316273163246,20.177316273163242,0.5001860857009888,0.4952311352865906,Verde
2020-10-02,17.37710279658221,17.37710279658221,33.18906437994981,37.55441906974545,0.5493798954733486,0.4776395041481288,Verde
2020-10-04,0.0,0.0,0.0,17.377102796582204,0.4145303938066822,0.5334827083509087,Verde
2020-10-07,4.727487489492184,4.727487489492184,10.845040841887162,10.845040841887158,0.5662575744349381,0.4880321249936732,Verde
2020-10-09,0.0,0.0,4.26058790588216,8.988075395374342,0.34448157898528836,0.5100559545716563,Verde
2020-10-10,2.4719397133471923,2.4719397133471923,2.4719397133471888,6.732527619229348,0.5648068759975762,0.4417565157423029,Verde
2020-10-12,10.718763614859423,10.718763614859423,10.71876361485942,13.190703328206608,0.4494211716556,0.4918486764726009,Verde
2020-10-15,4.903945989925844,4.903945989925844,14.952834269579721,19.044261037236282,0.5077833611218409,0.4529032088794882,Verde
2020-10-17,6.117605039835587,6.117605039835587,6.117605039835583,11.021551029761422,0.26929845031479305,0.507337136258339,Verde
2020-10-18,7.271803312391068,7.271803312391068,13.389408352226651,13.389408352226647,0.5679103031583216,0.4088343276974113,Verde
2020-10-20,7.271803312391068,7.271803312391068,20.94361732276402,28.215420635155088,0.4900466540250285,0.44833070486498516,Verde
2020-10-23,0.0,0.0,0.0,4.719195008786025,0.49113377346389586,0.4424184691660477,Verde
2020-10-25,5.634328848464003,5.634328848464003,5.6343288484639995,5.634328848463996,0.34089929661874113,0.5163635768824153,Verde
2020-10-26,1.912512713990858,1.912512713990858,7.5468415624548575,7.546841562454854,0.56203477735492,0.4406932413692218,Verde
2020-10-28,3.0808668545140034,3.0808668545140034,5.438840979098865,7.351353693089719,0.3366675662069485,0.4646892824791857,Verde
2020-10-31,6.767794450124105,6.767794450124105,7.769175683954078,8.164338512366786,0.5003764029035622,0.41320054672686984,Verde
2020-11-02,50.690095558394155,50.690095558394155,50.69009555839415,57.457890008518255,0.31570690870285034,0.46635958215514356,Verde
2020-11-03,0.0,0.0,50.690095558394155,50.69009555839415,0.5679103031583216,0.3842502926044537,Verde
2020-11-05,0.0,0.0,14.374257677148169,14.374257677148162,0.3514432030162592,0.46133120492157803,Verde
2020-11-08,0.0,0.0,1.8690849789573105,29.26312220127076,0.46193524210274906,0.4116868049591437,Verde
2020-11-10,0.1482133735272992,0.1482133735272992,0.1482133735272992,0.1482133735272921,0.35408617710245066,0.46042958275911,Verde
2020-11-11,0.0,0.0,0.1482133735272992,0.1482133735272921,0.5679103031583216,0.3891548740738196,Verde
2020-11-13,5.267906014165204,5.267906014165204,5.339720617068292,5.339720617068285,0.27885607822701847,0.4613105741211738,Verde
2020-11-16,9.307936727746572,9.307936727746572,19.071184635568862,19.071184635568855,0.5360756322912785,0.4002841861625969,Verde
2020-11-18,29.331548933889355,29.331548933889355,34.52944015054142,43.83737687828799,0.29525611763713006,0.4609473378922062,Verde
2020-11-19,2.4218623477581316,2.4218623477581316,31.753411281647487,36.95130249829955,0.5679103031583216,0.3700626093851423,Verde
2020-11-21,9.330247243245442,9.330247243245442,44.572734185598506,46.99459653335663,0.4467291962997666,0.4664140176955767,Verde
2020-11-24,0.0,0.0,0.0,24.79178674832837,0.46936937884010116,0.4366318723650728,Verde
2020-11-26,28.256293009817345,28.256293009817345,28.25629300981735,28.256293009817337,0.021338515214016494,0.4946696260993965,Verde
2020-11-27,2.170100960890046,2.170100960890046,30.426393970707398,30.426393970707384,0.5679103031583216,0.3124790301179614,Verde
2020-11-29,1.5190749961092038,1.5190749961092038,1.519074996109211,3.6891759569992426,0.2374913898007623,0.35287273240414646,Verde
2020-12-02,10.875470267943816,10.875470267943816,15.262853742763726,24.10338256426174,0.49515278885761893,0.27558006939103347,Verde
2020-12-04,0.0,0.0,0.694516088448326,11.569986356392128,0.42814658085505164,0.4335181606055676,Verde
2020-12-05,0.0,0.0,0.0,0.6945160884483118,0.5679103031583216,0.38693025317114427,Verde
2020-12-07,2.483182714418377,2.483182714418377,2.4831827144183842,2.48318271441837,0.25126479142184915,0.49706989095699744,Verde
2020-12-10,268.14720723248905,268.14720723248905,275.68086002021386,302.2602358238369,0.5357049540884193,0.4157738918117408,Verde
2020-12-12,0.0,0.0,7.821916471255304,275.96912370374434,0.1776195254026987,0.45162668288953006,Verde
2020-12-13,0.0,0.0,0.0,7.821916471255304,0.5679103031583216,0.321529756970989,Verde
2020-12-18,1.614721348218601,1.614721348218601,5.761385862784618,5.761385862784618,0.4780793909368844,0.42707826088314654,Verde
2020-12-20,2.336358701278283,2.336358701278283,4.285919499214348,5.90064084743295,0.5614149570465088,0.4078697398326349,Verde
2020-12-21,0.0,0.0,2.336358701278283,4.285919499214349,0.5665838893117575,0.5358015503805716,Verde
2020-12-23,7.449343779711061,7.449343779711061,8.717604036323047,8.717604036323047,0.30624027849956487,0.5353594124317169,Verde
2020-12-26,0.0,0.0,0.0,0.5692515245179091,0.5399527393880932,0.47807970828594376,Verde
2020-12-29,2.1811587243433808,2.1811587243433808,7.586568175476023,11.3130329128828,0.5679103031583216,0.47092563573313856,Verde
2020-12-31,0.0,0.0,0.0,2.1811587243433816,0.4064505579827845,0.47136777368199323,Verde
2021-01-03,0.0,0.0,0.0,0.0,0.5117035008881283,0.5047712001763998,Verde
2021-01-05,0.0,0.0,0.0,0.0,0.45173774933677985,0.49535478734307814,Verde
2021-01-06,8.476195957349695,8.476195957349695,8.476195957349695,8.476195957349695,0.5679103031583216,0.45663060273589756,Verde
2021-01-08,0.0,0.0,0.0,8.476195957349695,0.36942508910921795,0.51045051779441,Verde
2021-01-11,0.0,0.0,10.582830017688229,10.582830017688229,0.5080259824278711,0.4630243805347732,Verde
2021-01-13,0.0,0.0,165.24199157480697,165.24199157480697,0.4162868402641395,0.48178712489847025,Verde
2021-01-14,0.0,0.0,0.0,165.24199157480697,0.5679103031583216,0.43124597060040953,Verde
2021-01-16,0.0,0.0,55.630164963510026,55.630164963510026,0.4070143494969126,0.4974077086167774,Verde
2021-01-19,0.0,0.0,0.0,0.0,0.5679103031583216,0.46373716430645784,Verde
2021-01-21,0.0,0.0,0.0,0.0,0.5614149570465088,0.5142783186045186,Verde
2021-01-22,0.0,0.0,0.0,0.0,0.5679103031583216,0.5121132032339143,Verde
2021-01-24,0.0,0.0,0.0,0.0,0.45277481783052975,0.5657451877877172,Verde
2021-01-27,49.69468060011347,49.69468060011347,49.69468060011347,49.69468060011347,0.5228960637388558,0.5273666926784534,Verde
2021-01-29,0.0,0.0,0.0,49.69468060011347,0.39534312054883464,0.5145270615759023,Verde
2021-01-30,0.0,0.0,0.0,0.0,0.5679103031583216,0.4570046673727401,Verde
2021-02-01,2.895677619984489,2.895677619984489,2.895677619984489,2.895677619984489,0.27956106680734405,0.495383162482004,Verde
2021-02-04,14.601796384357733,14.601796384357733,49.951688482734966,56.56564448414354,0.5679103031583216,0.4142714968381667,Verde
2021-02-06,0.0,0.0,0.0,14.60179638435774,0.40972931683063507,0.47179389104132907,Verde
2021-02-07,14.43191521328327,14.43191521328327,14.431915213283263,14.431915213283277,0.5679103031583216,0.4190668955987669,Verde
2021-02-09,41.23994643202421,41.23994643202421,41.239946432024205,55.67186164530749,0.4829353081255123,0.5151833077157594,Verde
2021-02-12,0.0,0.0,2.1119388766707394,7.496179051513062,0.5679103031583216,0.4868583093714896,Verde
2021-02-14,20.175681251597428,20.175681251597428,63.18311385913273,63.183113859132746,0.5679103031583216,0.5395853048140519,Verde
2021-02-15,0.0,0.0,20.17568125159742,63.183113859132746,0.5679103031583216,0.5395853048140519,Verde
2021-02-17,1.6298289577471121,1.6298289577471121,6.38721517467742,6.387215174677435,0.2934360382543213,0.5679103031583216,Verde
2021-02-20,61.29245503418281,61.29245503418281,76.53340362343945,79.2279235091051,0.5679103031583216,0.4764188815236548,Verde
2021-02-22,5.523893170954322,5.523893170954322,8.04865227351306,69.34110730769588,0.241409112838493,0.4764188815236548,Verde
2021-02-23,0.0,0.0,5.523893170954315,8.048652273513074,0.5679103031583216,0.36758515141704534,Verde
2021-02-25,56.200455788354645,56.200455788354645,56.20045578835464,56.20045578835465,0.272743861694103,0.45907657305171207,Verde
2021-02-28,0.6588405867671725,0.6588405867671725,22.368004533844122,22.368004533844136,0.5679103031583216,0.3606877592303059,Verde
2021-03-02,0.0,0.0,0.0,0.6588405867671796,0.07210401503546919,0.46952148933691534,Verde
2021-03-03,0.0,0.0,0.0,0.0,0.5679103031583216,0.30425272662929786,Verde
2021-03-05,0.0,0.0,0.0,0.0,0.35069284382565263,0.40264154045070405,Verde
2021-03-08,0.0,0.0,0.0,0.0,0.5651109627951151,0.3302357206731477,Verde
2021-03-10,0.0,0.0,0.0,0.0,0.46296635008920195,0.49457136992636314,Verde
2021-03-11,0.0,0.0,0.0,0.0,0.5659274471567033,0.45959005223665655,Verde
2021-03-13,0.0,0.0,0.0,0.0,0.35080362702238144,0.5313349200136734,Verde
2021-03-16,0.0,0.0,0.0,0.0,0.5473125571834629,0.4598991414227622,Verde
2021-03-18,0.0,0.0,0.0,0.0,0.577729344367981,0.4880145437875159,Verde
2021-03-19,216.14464394129553,216.14464394129553,216.14464394129553,216.14464394129553,0.5679103031583216,0.4919485095246084,Verde
2021-03-21,0.0,0.0,94.12304619531398,310.26769013660953,0.5023530239754536,0.5643174015699218,Verde
2021-03-24,0.0,0.0,0.0,42.345466899953124,0.5377697732256747,0.5493308905005853,Verde
2021-03-27,0.0,0.0,0.0,0.0,0.5679103031583216,0.5360110334531499,Verde
2021-03-29,0.0,0.0,0.0,0.0,0.35788167728466935,0.5360110334531499,Verde
2021-04-01,0.0,0.0,90.02201296911214,90.02201296911214,0.5679103031583216,0.4878539178895552,Verde
2021-04-03,0.0,0.0,0.0,0.0,0.577729344367981,0.4979007612004375,Verde
2021-04-04,0.0,0.0,0.0,0.0,0.5679103031583216,0.5011737749369907,Verde
2021-04-06,0.0,0.0,0.0,0.0,0.3870346720019976,0.5711833168948747,Verde
2021-04-09,25.28609940625619,25.28609940625619,65.48785052661296,87.45130805774113,0.41505586835502195,0.5108914398427666,Verde
2021-04-12,10.288509760772888,10.288509760772888,43.635243476809144,56.55652528081506,0.5597654180280094,0.4566669478384471,Verde
2021-04-14,62.884779758567184,62.884779758567184,142.3696356901021,152.65814545087497,0.45608387596305755,0.453951986128343,Verde
2021-04-17,53.38033711920411,53.38033711920411,94.11576569598651,345.6548847302553,0.5340841275522078,0.4769683874486963,Verde
2021-04-19,14.113215510700872,14.113215510700872,34.88097018740262,88.26130730660677,0.5222354703739788,0.5166444738477582,Verde
2021-04-20,0.13550764703384752,0.13550764703384752,14.248723157734691,35.01647783443649,0.5679103031583216,0.5041344912964147,Verde
2021-04-22,0.0,0.0,38.72838352200114,38.863891169035014,0.36676546451689185,0.5414099670281693,Verde
2021-04-25,0.0,0.0,0.0,0.0,0.5659274471567033,0.4856370793497307,Verde
2021-04-27,0.0,0.0,0.0,0.0,0.5659274471567033,0.5002010716106389,Verde
2021-04-28,0.0,0.0,0.0,0.0,0.5679103031583216,0.4995401196100995,Verde
2021-04-30,0.0,0.0,0.0,0.0,0.5176362622229532,0.5665883991572427,Verde
2021-05-03,0.23915542787907984,0.23915542787907984,8.462409318662129,8.46240931866215,0.5493785213122423,0.5504913375126593,Verde
2021-05-05,3.2639909306857087,3.2639909306857087,8.451214814328347,8.690370242207448,0.4172237794449989,0.5449750288978391,Verde
2021-05-06,0.127189953308886,0.127189953308886,3.3911808839945663,8.578404767637254,0.5679103031583216,0.4947461876600648,Verde
2021-05-08,0.0,0.0,0.0,0.1271899533088789,0.5654672886105789,0.5115042013051876,Verde
2021-05-11,18.899812039816776,18.899812039816776,69.2962016717857,69.29620167178571,0.5598117207316146,0.5168671237379665,Verde
2021-05-13,1.4391216658570274,1.4391216658570274,27.8900396927543,46.7898517325711,0.4837210854922217,0.5643964375001717,Verde
2021-05-14,4.745309696376374,4.745309696376374,6.184431362233373,32.635349389130695,0.5679103031583216,0.5363333649448051,Verde
2021-05-16,2.4473933043483984,2.4473933043483984,31.25270265366209,35.99801235003848,0.4985464640903747,0.537147703127386,Verde
2021-05-19,0.0,0.0,0.0,0.08232237189016585,0.5679103031583216,0.5167259509136394,Verde
2021-05-21,7.347733056148909,7.347733056148909,7.347733056148881,7.347733056148902,0.37906463315774647,0.5447890234690059,Verde
2021-05-22,1.2939008007878843,1.2939008007878843,8.641633856936766,8.641633856936787,0.5679103031583216,0.4818404668021476,Verde
2021-05-24,24.835692422774137,24.835692422774137,51.95288214720116,53.24678294798906,0.4266995515288977,0.5049617464914632,Verde
2021-05-27,14.061975023020869,14.061975023020869,68.891673174254,74.55088885340645,0.5679103031583216,0.45789149594832185,Verde
2021-05-29,0.0,0.0,2.5463768063908367,16.608351829411728,0.4346650211975492,0.5208400526151803,Verde
2021-05-30,24.27324584479629,24.27324584479629,24.27324584479626,26.819622651187146,0.5682567625210203,0.4764249586282561,Verde
2021-06-01,0.0,0.0,0.0,24.273245844796286,0.4486605329760189,0.5236106956256305,Verde
2021-06-04,0.0,0.0,2.9664882953006106,2.9664882953006355,0.48451394741905146,0.4838607722315295,Verde
2021-06-06,0.1987324492705753,0.1987324492705753,0.19873244927054687,0.19873244927057174,0.3964700702011796,0.5004770809720303,Verde
2021-06-07,12.460839777651348,12.460839777651348,12.659572226921895,12.65957222692192,0.5684171525770397,0.44321485019875,Verde
2021-06-09,5.601484001140156,5.601484001140156,13.168643388398541,25.629483166049916,0.3762062654850331,0.4831337233990902,Verde
2021-06-12,0.0,0.0,7.065440414913244,7.065440414913269,0.5422411939536018,0.44703116275441745,Verde
2021-06-14,15.430802956668112,15.430802956668112,15.430802956668083,15.430802956668108,0.34423642040326674,0.4956215373385582,Verde
2021-06-15,7.356750017948264,7.356750017948264,22.787552974616347,22.78755297461637,0.5679103031583216,0.4208946266139672,Verde
2021-06-17,3.2792435212716633,3.2792435212716633,3.279243521271635,10.635993539219925,0.3611666984085379,0.4847959725050634,Verde
2021-06-20,9.630790568170442,9.630790568170442,9.630790568170413,21.889468129232,0.5614149570465088,0.42443780732337544,Verde
2021-06-22,0.0,0.0,39.868119681277825,49.498910249448286,0.42752749704081433,0.49683065287112277,Verde
2021-06-23,3.961297057168868,3.961297057168868,3.9612970571688395,43.82941673844672,0.5679103031583216,0.450036384165287,Verde
2021-06-25,27.307321967981053,27.307321967981053,27.89718558497642,31.858482642145308,0.40050821031989725,0.5189509190818815,Verde
2021-06-28,15.495968729232178,15.495968729232178,23.97271722499263,33.373620038142285,0.5679103031583216,0.4653153368396777,Verde
2021-06-30,25.21327077925764,25.21327077925764,29.17803035957223,44.67399908880443,0.3556419037196828,0.5121096055455134,Verde
2021-07-01,34.14568922037969,34.14568922037969,59.3589599996373,63.32371957995194,0.5679103031583216,0.4413534723993005,Verde
2021-07-03,0.0,0.0,0.0,34.14568922037968,0.35509319502985875,0.49715417001210865,Verde
2021-07-06,5.1712630341831485,5.1712630341831485,5.17126303418312,5.171263034183141,0.49313874260104934,0.4262151339692877,Verde
2021-07-08,6.111679827567359,6.111679827567359,24.46126321433244,29.63252624851561,0.315872759740243,0.4720474135964099,Verde
2021-07-09,33.66268741220668,33.66268741220668,39.77436723977401,58.12395062653914,0.5679103031583216,0.38803489912371697,Verde
2021-07-11,5.977138150581822,5.977138150581822,41.683727360747326,75.34641477295402,0.3456504002384756,0.45897393516653784,Verde
2021-07-14,13.629534585599908,13.629534585599908,27.3286069461858,48.50903826011924,0.44769827636151477,0.40981115437901333,Verde
2021-07-16,0.0,0.0,0.0,13.6295345855999,0.3270143288476714,0.4537529932527706,Verde
2021-07-17,1.2249373499389804,1.2249373499389804,1.224937349938952,1.2249373499389733,0.5679103031583216,0.37345433514922055,Verde
2021-07-19,14.168654561347667,14.168654561347667,47.466198152898194,48.6911355028372,0.4285132236693097,0.4475409694558358,Verde
2021-07-22,48.527356946966336,48.527356946966336,68.27377294213568,68.27377294213571,0.5630074756199054,0.44114595189176753,Verde
2021-07-24,69.62441119350945,69.62441119350945,126.57442592090757,175.10178286787394,0.5233480003715931,0.5198103341491788,Verde
2021-07-25,38.51985141627319,38.51985141627319,108.1442626097826,165.09427733718078,0.5679103031583216,0.5049562332202693,Verde
2021-07-27,18.54809020466004,18.54809020466004,36.649913850444435,75.16976526671763,0.4663857772261247,0.5514219263832733,Verde
2021-07-30,0.0,0.0,15.025947600882553,15.025947600882567,0.5679103031583216,0.5192146935853463,Verde
2021-08-01,59.340849421924744,59.340849421924744,59.340849421924716,59.34084942192473,0.5614149570465088,0.5340687945142558,Verde
2021-08-02,63.982500208003444,63.982500208003444,123.32334962992816,123.32334962992817,0.5741137236021878,0.5319036791436517,Rojo
2021-08-04,15.532284802488052,15.532284802488052,46.59685440746413,110.57935461546758,0.4024330675601959,0.5678129946023392,Verde
2021-08-07,7.500524602989204,7.500524602989204,7.5005246029891754,7.50052460298919,0.5062444806955326,0.5126539160696307,Verde
2021-08-09,1.0594977814218274,1.0594977814218274,7.582679898334355,15.083204501323573,0.33244652956618853,0.49426375728597205,Verde
2021-08-10,0.0,0.0,1.059497781421799,7.582679898334369,0.5679103031583216,0.41370802594063893,Verde
2021-08-12,2.5389926165266115,2.5389926165266115,2.538992616526583,2.5389926165265972,0.48785822958439246,0.4688671044733475,Verde
2021-08-15,3.2200149910529254,3.2200149910529254,7.97531679280271,11.171031355146441,0.5022683256659014,0.4627383541029675,Verde
2021-08-17,0.0,0.0,9.392860178853923,12.61287516990686,0.5656550463433822,0.5193456194695384,Verde
2021-08-18,0.0,0.0,0.0,9.392860178853935,0.5679103031583216,0.5185938671978919,Verde
2021-08-20,1.6101924070210307,1.6101924070210307,5.271312217578226,5.271312217578238,0.49008341655991544,0.5452778917225349,Verde
2021-08-23,0.0,0.0,9.36286814601014,9.498791784073472,0.5040944460137137,0.541216255353873,Verde
2021-08-25,21.18506796707583,21.18506796707583,24.4561314903968,24.456131490396814,0.5077893418827276,0.5206960552439834,Verde
2021-08-26,17.786934778615137,17.786934778615137,38.97200274569094,42.24306626901195,0.5679103031583216,0.5006557348187854,Verde
2021-08-28,0.0,0.0,12.184815821440294,29.971750600055444,0.3335762774006705,0.5265980303515875,Verde
2021-08-31,19.281609215699802,19.281609215699802,22.84541591943476,41.052348333653065,0.5679103031583216,0.4697586408139065,Verde
2021-09-02,0.0,0.0,0.0,19.281609215699792,0.5614149570465088,0.48979896123910444,Verde
2021-09-03,1.7486507587725553,1.7486507587725553,1.7486507587725268,1.7486507587725446,0.5679103031583216,0.48763384586850017,Verde
2021-09-05,1.9406000045457663,1.9406000045457663,9.304741716344209,11.053392475116782,0.5589420958154503,0.5657451877877172,Verde
2021-09-08,1.1913707658762822,1.1913707658762822,3.1299514978844307,3.175555596774384,0.4965269432842046,0.5627557853400935,Verde
2021-09-10,1.601363579737053,1.601363579737053,1.6013635797370245,2.7927343456133245,0.2882795802485395,0.5411264474193255,Verde
2021-09-11,25.217226973173464,25.217226973173464,26.81859055291049,26.818590552910507,0.5642130390323441,0.447916206449398,Verde
2021-09-13,18.764053375621383,18.764053375621383,21.14828871623733,46.36551568941081,0.3850874014455697,0.449673187521696,Verde
2021-09-16,0.36244068588848716,0.36244068588848716,2.145030065773873,2.1450300657738905,0.5252948556652014,0.4125266735754844,Verde
2021-09-18,3.7019337650455175,3.7019337650455175,11.105801295136525,11.46824198102503,0.5679103031583216,0.49153176538103827,Verde
2021-09-19,5.92324159679917,5.92324159679917,9.625175361844658,17.02904289193571,0.5679103031583216,0.4927641867563641,Verde
2021-09-21,0.0,0.0,3.701933765045488,9.625175361844676,0.375978452892139,0.553705153993948,Verde
2021-09-24,2.748414540839622,2.748414540839622,2.7484145408395926,2.7484145408396112,0.5003193817261992,0.5039330197362606,Verde
2021-09-26,38.922140513336366,38.922140513336366,43.922277262347,46.67069180318664,0.32366326408482143,0.48140271259221973,Verde
2021-09-27,36.73407416250192,36.73407416250192,75.65621467583826,80.65635142484894,0.5679103031583216,0.39998703290105303,Verde
2021-09-29,4.571414123105881,4.571414123105881,4.5714141231058525,41.305488285607794,0.5267344161696818,0.4639643163231139,Verde
2021-10-02,0.0,0.0,0.0,0.0,0.5511343701817523,0.47276932780427483,Verde
2021-10-04,0.0,0.0,0.8217289949824967,0.8217289949825181,0.514282763004303,0.5485930298365851,Verde
2021-10-05,0.0,0.0,0.0,0.8217289949825181,0.5679103031583216,0.5307171831185789,Verde
2021-10-07,15.209882546772025,15.209882546772025,21.606982138049137,21.60698213804916,0.3403964158276031,0.5444424787814587,Verde
2021-10-10,0.0,0.0,15.96078434380726,34.96404761243659,0.477057594420581,0.4741964939967424,Verde
2021-10-12,19.366656152183744,19.366656152183744,19.366656152183715,19.366656152183737,0.1586555878865424,0.46178810446883506,Verde
2021-10-13,0.06468688496543319,0.06468688496543319,19.431343037149148,19.43134303714917,0.5460831730187624,0.3253698660449087,Verde
2021-10-15,13.845631249013966,13.845631249013966,23.087016323541608,23.15170320850706,0.3159835855851228,0.3939321184419618,Verde
2021-10-18,0.0,0.0,0.0,17.280667413937557,0.5331001326124719,0.3402407821634757,Verde
2021-10-20,40.483087068120334,40.483087068120334,40.483087068120305,40.48308706812033,0.2845182803341712,0.4650556304054523,Verde
2021-10-21,0.0,0.0,40.483087068120305,40.48308706812033,0.5679103031583216,0.3778673328439219,Verde
2021-10-23,8.770652756361704,8.770652756361704,11.449264270875126,11.449264270875148,0.28698893410436227,0.46184290536832145,Verde
2021-10-26,0.0,0.0,0.0,0.3414546425080289,0.4542474454675597,0.37980583919895156,Verde
2021-10-28,4.074118589399619,4.074118589399619,6.173623210633779,6.1736232106338,0.289932867576336,0.43638222757674766,Verde
2021-10-29,0.0,0.0,4.074118589399591,6.1736232106338,0.5226348891169175,0.34372308238275256,Verde
2021-10-31,16.478117337922004,16.478117337922004,19.771051819265523,19.771051819265544,0.3677964273883008,0.42227173405360424,Verde
2021-11-03,0.0,0.0,74.21596559295263,113.26810187675562,0.5372624354458403,0.3934547280271847,Verde
2021-11-05,0.0,0.0,0.0,0.0,0.31608624314040257,0.4758979173170193,Verde
2021-11-06,0.0,0.0,0.0,0.0,0.5479434120586548,0.4070483686581811,Verde
2021-11-08,9.897951080162915,9.897951080162915,36.97082514612467,36.970825146124696,0.4417730145927133,0.46709736354829906,Verde
2021-11-11,0.0,0.0,0.0,0.0,0.40968097463763986,0.43526755659725674,Verde
2021-11-13,0.0,0.0,0.0,0.0,0.27415980578496535,0.4664658004296691,Verde
2021-11-14,0.0,0.0,0.0,0.0,0.5543841644265186,0.37520459833843933,Verde
2021-11-16,0.0,0.0,0.0,0.0,0.3452329635620117,0.4127416482830411,Verde
2021-11-19,0.3163300170313062,0.3163300170313062,5.443389615744247,8.169174310598024,0.5086315234844712,0.3912589779244984,Verde
2021-11-21,2.049948496383576,2.049948496383576,2.0499484963835477,2.3662785134148825,0.17371824174449685,0.469416217157667,Verde
2021-11-22,10.220951912043345,10.220951912043345,12.270900408426893,12.270900408426922,0.500197399193528,0.34252757626365976,Verde
2021-11-24,0.0,0.0,26.41520756935319,36.63615948139656,0.37970198215322293,0.3941823881408319,Verde
2021-11-27,0.0,0.0,0.0,0.0,0.38607682476098504,0.35120587436374917,Verde
2021-11-29,10.320539624083278,10.320539624083278,10.320539624083253,10.320539624083278,0.33489410910926515,0.4219920687025785,Verde
2021-11-30,52.58656541933286,52.58656541933286,62.90710504341611,62.90710504341614,0.5679103031583216,0.3668909720078242,Verde
2021-12-02,0.27308055588249863,0.27308055588249863,0.2730805558824702,52.85964597521536,0.4629810039681949,0.4296270790095238,Verde
2021-12-05,0.0,0.0,135.48711577380504,135.48711577380507,0.5679103031583216,0.45526180541192707,Verde
2021-12-08,0.0,0.0,0.0,0.0,0.5679103031583216,0.5329338700949459,Verde
2021-12-10,0.0,0.0,0.0,0.0,0.491673231039239,0.5329338700949459,Verde
2021-12-13,0.0,0.0,0.0,0.0,0.5299181646142883,0.5424979457852939,Verde
2021-12-15,0.0,0.0,54.26880266233476,54.268802662334785,0.24414702766071786,0.5298338996039494,Verde
2021-12-16,0.0,0.0,0.0,54.268802662334785,0.5433685890045659,0.4219128077714149,Verde
2021-12-18,13.37497139058353,13.37497139058353,23.154300361236523,23.15430036123655,0.32738099041683916,0.4391445937598572,Verde
2021-12-21,1.2461205341830177,1.2461205341830177,1.2461205341829893,1.2461205341830177,0.48986349725860284,0.3716322023607075,Verde
2021-12-23,0.0,0.0,0.0,1.2461205341830177,0.577729344367981,0.4535376922266692,Verde
2021-12-24,0.0,0.0,0.0,0.0,0.5679103031583216,0.4649912773478075,Verde
2021-12-26,0.0,0.0,0.0,0.0,0.37962109637394387,0.5451677149283016,Verde
2021-12-29,0.0,0.0,0.0,0.0,0.5614149570465088,0.5084202479667487,Verde
2022-01-01,0.0,0.0,0.0,0.0,0.5679103031583216,0.5029821188595913,Verde
2022-01-03,8.706226198874472,8.706226198874472,8.706226198874443,8.706226198874472,0.270825053126305,0.5029821188595913,Verde
2022-01-06,0.0,0.0,0.0,12.931893312107878,0.5679103031583216,0.4667167711103783,Verde
2022-01-08,7.260938853355727,7.260938853355727,8.213713976021793,8.213713976021822,0.4935612874640815,0.46888188648098256,Verde
2022-01-09,7.154470659176305,7.154470659176305,14.415409512532005,15.368184635198126,0.5679103031583216,0.4440988812495692,Verde
2022-01-11,12.36343972335386,12.36343972335386,12.585878751873432,19.740349411049763,0.4770892476555944,0.5431272979269081,Verde
2022-01-14,0.0,0.0,0.0,0.0,0.5313606809439331,0.5128536127593323,Verde
2022-01-16,0.0,0.0,2.139564093014948,2.1395640930149766,0.20950887931360934,0.5254534105859495,Verde
2022-01-17,0.0,0.0,0.0,2.1395640930149766,0.5578663467333235,0.40598626930437876,Verde
2022-01-19,13.518300373535938,13.518300373535938,23.555450396362957,23.555450396362986,0.3623447707672228,0.43291196899695517,Verde
2022-01-22,8.794327696062822,8.794327696062822,26.284436229956196,26.28443622995622,0.5105328513630505,0.3765733322713851,Verde
2022-01-25,0.0,0.0,0.0,0.0,0.5679103031583216,0.4769146562878655,Verde
2022-01-27,0.0,0.0,0.0,0.0,0.3294879904623782,0.4802626417628648,Verde
2022-01-30,9.474473293073546,9.474473293073546,25.781019103496554,25.807671244492013,0.4826273983237387,0.46931038166125,Verde
2022-02-01,9.512780094390637,9.512780094390637,22.668012080798242,32.142485373871814,0.21711051816864482,0.4600085639814793,Verde
2022-02-02,0.0,0.0,9.512780094390608,22.66801208079827,0.5679103031583216,0.3430753023182538,Verde
2022-02-07,7.605780970206754,7.605780970206754,12.937647491871317,12.937647491871346,0.5070904868430105,0.4225494065502349,Verde
2022-02-10,11.219949934488671,11.219949934488671,12.66376322716192,12.663763227161951,0.5679103031583216,0.43070376938999216,Verde
2022-02-17,0.0,0.0,10.066089990295488,17.89135962557,0.5656550463433822,0.5476370310532177,Verde
2022-02-18,16.519127974221572,16.519127974221572,16.519127974221544,26.58521796451709,0.5679103031583216,0.5468852787815713,Verde
2022-02-20,0.0,0.0,1.166918589940738,17.68604656416234,0.45972651902629036,0.567158550886675,Verde
2022-02-23,7.385290723119347,7.385290723119347,7.385290723119319,18.258852809083226,0.5240164877011858,0.5310972895093312,Verde
2022-02-25,10.07032876937489,10.07032876937489,10.070328769374862,17.455619492494236,0.5088440179824829,0.5172177699619325,Verde
2022-02-26,0.031779781936684535,0.031779781936684535,10.102108551311547,10.102108551311575,0.5419352034899009,0.49752900823665286,Verde
2022-02-28,0.0,0.0,0.0,0.031779781936684535,0.3716179891221825,0.5249319030578564,Verde
2022-03-03,8.186216610471917,8.186216610471917,8.186216610471888,8.186216610471917,0.5281563408073338,0.474132403531522,Verde
2022-03-05,0.0,0.0,6.3698096929811685,14.556026303453113,0.32725122451097116,0.48056984447313894,Verde
2022-03-06,10.01044302807846,10.01044302807846,10.010443028078432,16.38025272105966,0.5679103031583216,0.40900851814682904,Verde
2022-03-08,0.0,0.0,1.8093988596630544,11.819841887741546,0.4647888893197323,0.4744392894922087,Verde
2022-03-11,0.0,0.0,1.4942867794508135,1.4942867794508419,0.5337188093141577,0.4533168056630082,Verde
2022-03-13,9.760037025425644,9.760037025425644,9.760037025425616,9.760037025425644,0.5312801368277648,0.5221393339307371,Verde
2022-03-14,0.0,0.0,9.760037025425616,9.760037025425644,0.539397089217586,0.5099292784872181,Verde
2022-03-16,4.789946095108071,4.789946095108071,4.789946095108043,4.789946095108071,0.4415452310751224,0.5347986784531694,Verde
2022-03-19,1.0262572808033974,1.0262572808033974,1.026257280803369,2.667885664478897,0.38302937150001526,0.5040741523734908,Verde
2022-03-22,5.424634198093658,5.424634198093658,11.031129859800709,11.031129859800737,0.5679103031583216,0.4546572305975744,Verde
2022-03-24,3.5237330585489497,3.5237330585489497,6.10958039445541,11.534214592549096,0.3332681654171012,0.46416163524448634,Verde
2022-03-27,0.0,0.0,0.0,20.247383111171615,0.5645390988766462,0.4280692800251458,Verde
2022-03-29,21.038770667528965,21.038770667528965,21.038770667528937,21.038770667528965,0.46118412303856043,0.4885725224840229,Verde
2022-03-30,33.464056502014586,33.464056502014586,54.50282716954352,54.50282716954355,0.5679103031583216,0.4529971291107692,Verde
2022-04-01,0.0,0.0,0.0,33.464056502014586,0.38817711714012865,0.5312111750245093,Verde
2022-04-04,52.54159167355589,52.54159167355589,52.541591673555864,52.54159167355589,0.5240459896024616,0.4724238477790035,Verde
2022-04-06,0.0,0.0,96.60061285176644,149.14220452532237,0.24098785405700235,0.49337780330030384,Verde
2022-04-07,0.0,0.0,0.0,96.60061285176647,0.5529326051473616,0.3844036535998641,Verde
2022-04-09,69.72543492361915,69.72543492361915,82.73949054968425,82.73949054968428,0.5111574449244587,0.43932214960227517,Verde
2022-04-12,0.0,0.0,0.0,63.38940875548535,0.5473216537428999,0.43502596804294086,Verde
2022-04-14,0.0,0.0,0.0,0.0,0.3656366712403023,0.5371372346049067,Verde
2022-04-15,0.0,0.0,0.0,0.0,0.5679103031583216,0.4747052566358869,Verde
2022-04-17,0.0,0.0,0.0,0.0,0.5500203522628752,0.49362287604717453,Verde
2022-04-20,0.0,0.0,0.0,0.0,0.5420573119116926,0.4945224422204996,Verde
2022-04-22,1.1554839068361562,1.1554839068361562,1.1554839068361278,1.1554839068361562,0.4122532753423712,0.5533293224442963,Verde
2022-04-23,0.0,0.0,1.1554839068361278,1.1554839068361562,0.5480778411244662,0.5014436465056463,Verde
2022-04-25,14.978535179795106,14.978535179795106,14.978535179795077,14.978535179795106,0.3755052550428215,0.5007961427928432,Verde
2022-04-28,17.706426072506858,17.706426072506858,32.262495444152236,34.451395141905635,0.4938682564373674,0.44527879050321956,Verde
2022-04-30,2.4140120253843422,2.4140120253843422,8.94085617971946,26.647282252226347,0.40971765966936086,0.4724837842015517,Verde
2022-05-03,0.0,0.0,2.2949449729431333,3.9102599980581143,0.3643578797064978,0.42636372371651654,Verde
2022-05-06,0.0,0.0,6.107694823012198,9.21842022360845,0.4942938151887093,0.4226479319377419,Verde
2022-05-08,0.0,0.0,0.0,0.0,0.31221562435572175,0.4227897848548559,Verde
2022-05-09,1.0213767939516345,1.0213767939516345,1.0213767939516052,1.0213767939516345,0.5642495960339732,0.39028910641697623,Verde
2022-05-11,0.0,0.0,0.0,1.0213767939516345,0.43548583196497515,0.45691967852613463,Verde
2022-05-14,6.049624254433192,6.049624254433192,14.444326600760117,14.444326600760146,0.4869005233049392,0.4373170174515566,Verde
2022-05-16,5.481005375342601,5.481005375342601,15.824870015857341,21.874494270290562,0.36846259981393814,0.4955453171012958,Verde
2022-05-17,13.996018230864257,13.996018230864257,19.477023606206828,29.820888246721626,0.5679103031583216,0.43028298502795076,Verde
2022-05-19,4.7158083700259725,4.7158083700259725,13.99709327548155,27.993111506345837,0.43333939702688956,0.47442447542573296,Verde
2022-05-22,0.8081147204274717,0.8081147204274717,5.428734699783394,8.487556785675368,0.5131237605351141,0.456570766666383,Verde
2022-05-24,5.591803904181347,5.591803904181347,5.591803904181319,6.399918624608819,0.2673796942864341,0.5047911535734416,Verde
2022-05-25,7.630804379781087,7.630804379781087,13.222608283962405,13.222608283962433,0.5679103031583216,0.40461428394947924,Verde
2022-05-27,7.864767218489781,7.864767218489781,9.453564203202138,17.084368582983252,0.40641185775231775,0.4494712526599565,Verde
2022-05-30,6.697950585927094,6.697950585927094,6.697950585927065,7.199090113521944,0.5656230990914092,0.41390061839902437,Verde
2022-06-02,0.0,0.0,20.02030724007554,23.510410333635043,0.5679103031583216,0.5133150866673494,Verde
2022-06-04,0.0,0.0,10.766288217477861,10.766288217477886,0.42129793146560923,0.5133150866673494,Verde
2022-06-07,4.0494697577711465,4.0494697577711465,8.500553528467787,8.500553528467812,0.4230552017688751,0.5182771112384467,Verde
2022-06-09,4.451083770696668,4.451083770696668,4.4510837706966395,8.500553528467812,0.34881403614049666,0.4707544787976019,Verde
2022-06-10,1.9324070301608767,1.9324070301608767,6.383490800857516,6.383490800857541,0.5679103031583216,0.39772238979166025,Verde
2022-06-12,28.694985447434007,28.694985447434007,58.24776393373297,60.180170963893865,0.4656418238220543,0.44659318035589773,Verde
2022-06-15,17.41799280568259,17.41799280568259,46.841295874840334,46.841295874840355,0.5677798933338845,0.4607887210402908,Verde
2022-06-17,3.2344271337894535,3.2344271337894535,6.957719402646543,24.37571220832916,0.5076876866056563,0.5337773401047534,Verde
2022-06-18,1.5604753517637067,1.5604753517637067,4.7949024855531315,8.518194754410274,0.5679103031583216,0.5137031345871983,Verde
2022-06-20,2.0252452796072604,2.0252452796072604,10.818029461919165,12.378504813682897,0.3703732490539551,0.5477926276992874,Verde
2022-06-23,1.3813139703267676,1.3813139703267676,10.983470985041832,36.91801043199049,0.4307536771413923,0.4819904129393109,Verde
2022-06-25,26.795051005591922,26.795051005591922,60.0021294563729,61.383443426699685,0.3338661049974375,0.4563457431178896,Verde
2022-06-26,24.249271565182845,24.249271565182845,51.04432257077474,84.25140102155575,0.5516939827765541,0.3783310103975949,Verde
2022-06-28,0.0,0.0,8.411863445320979,32.66113501050384,0.3431861547046694,0.4387712549717946,Verde
2022-07-01,25.719089797492323,25.719089797492323,37.71040522940422,38.97371636063037,0.5033929074803988,0.4095820808262203,Verde
2022-07-03,41.225502825555694,41.225502825555694,56.80764945226148,82.52673924975382,0.42186084089950576,0.46609101498720734,Verde
2022-07-04,8.908494220466974,8.908494220466974,50.13399704602264,65.71614367272846,0.5679103031583216,0.4228133010281912,Verde
2022-07-06,0.12335206460261691,0.12335206460261691,1.2997081237070722,10.20820234417406,0.29362753419012855,0.49772135051274197,Verde
2022-07-11,3.2433302992953266,3.2433302992953266,8.80429726945772,35.30784028255317,0.24796625796234467,0.4277995594159852,Verde
2022-07-12,6.46298096531594,6.46298096531594,9.706311264611237,15.26727823477367,0.5268917779984145,0.36983469843693156,Verde
2022-07-14,1.7122986564652494,1.7122986564652494,3.581917310411437,10.044898275727386,0.2658150338389901,0.3561618567169625,Verde
2022-07-17,0.0,0.0,0.0,8.420528992362627,0.4811721795249259,0.346891023266583,Verde
2022-07-19,15.05472055339244,15.05472055339244,24.885290449131045,24.885290449131055,0.31830486385472884,0.4246263304541101,Verde
2022-07-20,20.104987972939206,20.104987972939206,35.15970852633162,44.99027842207026,0.559050738126382,0.3550973590728816,Verde
2022-07-25,0.0,0.0,13.02550636431341,17.37527093639356,0.5113970561102889,0.45284259383534553,Verde
2022-07-27,1.8963326846852022,1.8963326846852022,1.8963326846851738,1.8963326846851845,0.23229226264460331,0.46291755269713314,Verde
2022-07-28,37.91962121961875,37.91962121961875,39.815953904303925,39.81595390430393,0.5671639322549447,0.4342466856270913,Verde
2022-07-30,0.0,0.0,0.0,37.919621219618726,0.3467014913243809,0.43695108366994556,Verde
2022-08-02,12.070941876267534,12.070941876267534,12.070941876267506,22.7079865145866,0.4891975788378167,0.38205256207464294,Verde
2022-08-04,0.0,0.0,17.88884791043304,29.959789786700583,0.5169880987070072,0.4676876674723807,Verde
2022-08-05,0.0,0.0,0.0,17.88884791043305,0.5679103031583216,0.4509623896230683,Verde
2022-09-24,1.0982580733726093,1.0982580733726093,5.9832696930932965,5.983269693093307,0.21643272226446134,0.5246986602343818,Verde
2022-09-30,5.057226606850327,5.057226606850327,6.513206396871179,10.61599573343101,0.4389541794000001,0.43377704137659673,Verde
2022-10-02,0.22003162628752704,0.22003162628752704,2.892774720732583,7.950001327582921,0.30759221722168484,0.40776573494092766,Verde
2022-10-03,0.0,0.0,0.22003162628749506,2.892774720732594,0.5642106163090672,0.32099303962871545,Verde
2022-10-05,5.199337643837178,5.199337643837178,5.199337643837146,5.199337643837157,0.26319483629074586,0.4369190043102507,Verde
2022-10-08,7.976428229485633,7.976428229485633,16.030081318873954,22.648212144645157,0.5110311848164975,0.37833255660716597,Verde
2022-10-10,1.1318994714780841,1.1318994714780841,13.671137772760904,21.647566002246545,0.20620830020087344,0.44614554580543686,Verde
2022-10-11,0.0,0.0,1.131899471478054,13.671137772760913,0.5679103031583216,0.3268114404360389,Verde
2022-10-13,3.7590652130042406,3.7590652130042406,16.74740673188762,16.74740673188763,0.3981266637471901,0.4283832627252308,Verde
2022-10-16,0.4954746113002351,0.4954746113002351,2.764592399580877,2.798460220945033,0.4608382045708853,0.3907484223687951,Verde
2022-10-18,0.0,0.0,14.580128864050899,15.075603475351143,0.5614149570465088,0.475625057158799,Verde
2022-10-19,13.005765136855336,13.005765136855336,13.005765136855306,27.585894000906244,0.5254993471263468,0.4734599417881948,Verde
2022-10-21,0.028559365642446793,0.028559365642446793,0.028559365642416595,13.034324502497762,0.36688486538056664,0.5159175029145803,Verde
2022-10-24,2.655158421267634,2.655158421267634,2.6551584212676036,4.885054900518138,0.4914339062297481,0.48459972318447403,Verde
2022-10-26,0.0,0.0,0.0,2.6551584212676125,0.28192106882731116,0.4612727062455539,Verde
2022-10-27,0.0,0.0,0.0,0.0,0.5514324470155539,0.380079946812542,Verde
2022-10-29,0.0,0.0,0.0,0.0,0.30601146817207336,0.4415958073575377,Verde
2022-11-01,0.0,0.0,0.0,0.0,0.409867907735123,0.37978832800497947,Verde
2022-11-03,9.70469697479092,9.70469697479092,9.70469697479089,9.704696974790899,0.20717816778469358,0.42243727430758343,Verde
2022-11-04,0.0,0.0,9.70469697479089,9.704696974790899,0.5588399235201978,0.30768584789729664,Verde
2022-11-06,43.34403300305666,43.34403300305666,70.62730052587015,70.62730052587015,0.29543911918312654,0.3919619996800048,Verde
2022-11-09,0.0,0.0,22.934860980724107,39.61048948266823,0.42987331345506097,0.3538190701626726,Verde
2022-11-11,0.0,0.0,13.995822814622676,13.995822814622676,0.14170574602381933,0.4280507853861284,Verde
2022-11-12,0.0,0.0,0.0,13.995822814622676,0.5482263383509098,0.2890060595540022,Verde
2022-11-14,5.9377402149502885,5.9377402149502885,13.228536794455941,13.228536794455941,0.3218770506738246,0.3732684659432633,Verde
2022-11-19,0.0,0.0,0.0,0.2663452363074914,0.20954866707324982,0.3372697116828512,Verde
2022-11-20,24.724112191163673,24.724112191163673,24.724112191163645,24.724112191163645,0.47597048371687695,0.359884018699328,Verde
2022-11-22,5.260974758014859,5.260974758014859,23.8999715562773,48.62408374744098,0.29104275821611797,0.3357987338213171,Verde
2022-11-25,3.6470160903020084,3.6470160903020084,3.64701609030198,3.64701609030198,0.24686082482509228,0.32552063633541484,Verde
2022-11-28,7.528196629559191,7.528196629559191,9.977862159309456,9.977862159309456,0.38970921591095536,0.33795802225269567,Verde
2022-11-30,19.3808072806421,19.3808072806421,22.969691181426747,30.497887810985937,0.2862556455121643,0.3092042663173885,Verde
2022-12-03,0.049496448253426716,0.049496448253426716,0.049496448253398294,7.5415825872266495,0.5675916418261912,0.3076085620827373,Verde
2022-12-05,0.0,0.0,0.03957041816025646,0.08906686641368317,0.3766086874850864,0.41451883441643694,Verde
2022-12-06,0.0,0.0,0.0,0.03957041816025646,0.5679103031583216,0.41015199160781396,Verde
2022-12-08,0.0,0.0,0.03368685495515211,0.03368685495515211,0.4134202943793659,0.5040368774898664,Verde
2022-12-11,0.0,0.0,0.0,0.0,0.5531953602344141,0.4526464283409246,Verde
2022-12-13,0.0,0.0,0.029549069416768957,0.029549069416768957,0.2590521968387324,0.5115086525907004,Verde
2022-12-14,0.0,0.0,0.0,0.029549069416768957,0.5679103031583216,0.4085559504841707,Verde
2022-12-16,77.35724039557442,77.35724039557442,77.41637847165417,77.41637847165417,0.39749423217499386,0.46005262007715597,Verde
2022-12-19,0.0,0.0,67.54284830166553,67.65668437060185,0.5387858727882648,0.40815224405734923,Verde
2022-12-21,0.04402293329653533,0.04402293329653533,0.04402293329650691,0.04402293329650691,0.42327496156781574,0.5013968027071933,Verde
2022-12-22,0.0,0.0,0.04402293329650691,0.04402293329650691,0.5679103031583216,0.4531850221770248,Verde
2022-12-24,0.0,0.0,0.03644403228366674,0.03644403228366674,0.3897574863741907,0.5099903791714673,Verde
2022-12-27,0.0,0.0,0.0,0.0,0.4702549939011705,0.4603142503667759,Verde
2022-12-29,0.03803453177137448,0.03803453177137448,0.03803453177134606,0.03803453177134606,0.5656550463433822,0.4759742611445608,Verde
2022-12-30,0.0672945476249051,0.0672945476249051,0.10532907939625116,0.10532907939625116,0.5669394486594473,0.47522250887291434,Verde
2023-01-01,0.07068961558947681,0.07068961558947681,0.07068961558944838,0.13798416321435347,0.28301034482388654,0.5342831629679999,Verde
2023-01-04,0.0,0.0,0.0,5.6283270778151655,0.5355566766584057,0.4718682799422386,Verde
2023-01-06,0.0,0.0,0.0,0.0,0.39223321801287,0.4618354900472465,Verde
2023-01-07,0.0,0.0,0.0,0.0,0.5679103031583216,0.4036000798317207,Verde
2023-01-09,3.9303819797837836,3.9303819797837836,8.250953598705372,8.250953598705372,0.3436425344106999,0.4985667326098657,Verde
2023-01-12,1.475996998773105,1.475996998773105,5.137171593265229,5.137171593265229,0.530655959932998,0.4345953518606305,Verde
2023-01-14,3.816470312035602,3.816470312035602,3.8164703120355736,5.292467310808679,0.2774269391646546,0.48073626583400647,Verde
2023-01-15,0.0,0.0,3.8164703120355736,3.8164703120355736,0.5741137236021878,0.3839084778361175,Verde
2023-01-17,4.0054171010153174,4.0054171010153174,4.083973988649254,4.083973988649254,0.47814866780549625,0.4607322075666134,Verde
2023-01-20,0.0,0.0,0.0,0.0,0.5529830233119,0.4432297768574462,Verde
2023-01-22,0.0,0.0,0.0,0.0,0.4131668450133118,0.535081804906528,Verde
2023-01-23,0.0,0.0,0.0,0.0,0.5679103031583216,0.4814328453769026,Verde
2023-01-25,4.926587789361537,4.926587789361537,9.338933121111257,9.338933121111257,0.4561077225311048,0.5113533904945111,Verde
2023-01-30,0.0,0.0,3.250294073565,7.8313240622823415,0.31523362906842395,0.47906162356757936,Verde
2023-01-31,0.0,0.0,0.0,3.250294073565,0.5679103031583216,0.44641721825261677,Verde
2023-02-02,17.56922538932937,17.56922538932937,26.91430549914267,26.91430549914267,0.5158325444007742,0.4464172182526167,Verde
2023-02-05,0.038682049802502096,0.038682049802502096,0.03868204980247723,1.583304379195687,0.5679103031583216,0.46632549220917324,Verde
2023-02-07,25.917812262857872,25.917812262857872,28.198013044277605,28.23669509408011,0.32627128424315616,0.5505510502391391,Verde
2023-02-08,0.0,0.0,25.917812262857847,28.198013044277605,0.5679103031583216,0.4700047106007506,Verde
2023-02-10,0.0,0.0,0.0,0.0,0.43810832500457764,0.4873639635199331,Verde
2023-02-13,10.30179728144575,10.30179728144575,19.616683842885806,28.178483439426774,0.5679103031583216,0.44409663746868505,Verde
2023-02-15,9.178315739904017,9.178315739904017,19.73687688123436,30.03867416268011,0.3985703538717894,0.5246429771070735,Verde
2023-02-16,0.0,0.0,9.178315739903992,19.73687688123436,0.5679103031583216,0.46819632734489613,Verde
2023-02-21,17.795053844663293,17.795053844663293,30.264116566910847,39.91205619038013,0.5551594410134457,0.5114636533961442,Verde
2023-02-23,0.0,0.0,0.0,17.795053844663272,0.3340620309748548,0.5072133660145188,Verde
2023-02-24,12.475781074875153,12.475781074875153,12.475781074875124,12.475781074875131,0.5679103031583216,0.4857105917155406,Verde
2023-02-26,16.83178036780004,16.83178036780004,33.19378100880574,45.6695620836809,0.3628711560848115,0.48571059171554065,Verde
2023-03-01,0.0,0.0,0.0,0.0,0.5679103031583216,0.4216144967393292,Verde
2023-03-03,0.0,0.0,0.0,0.0,0.4230141255191002,0.4995639208004849,Verde
2023-03-04,0.0,0.0,0.0,0.0,0.5679103031583216,0.4512651949207444,Verde
2023-03-06,0.0,0.0,0.0,0.0,0.4118699618939603,0.5196115772785811,Verde
2023-03-09,0.0,0.0,84.36581343498781,114.03892355948966,0.5679103031583216,0.46759813019046065,Verde
2023-03-11,0.0,0.0,0.0,0.0,0.5612514450194988,0.5158968560702011,Verde
2023-03-12,0.0,0.0,0.0,0.0,0.5679103031583216,0.5136772366905934,Verde
2023-03-14,46.456403568069454,46.456403568069454,77.43831577284763,77.43831577284763,0.539084293740861,0.5656906837787139,Verde
2023-03-17,0.0,0.0,1.8019232380014003,69.7654722056019,0.5509198462140971,0.5560820139728936,Verde
2023-03-20,0.0,0.0,0.0,0.0,0.5605772569261748,0.5526381477044265,Verde
2023-03-22,0.0,0.0,0.0,0.0,0.35833874535053334,0.5501937989603776,Verde
2023-03-27,0.0,0.0,0.0,0.0,0.23465348381934492,0.48994528283026834,Verde
2023-03-28,0.0,0.0,0.0,0.0,0.5679103031583216,0.3845231620320176,Verde
2023-03-30,0.0,0.0,0.0,0.0,0.4809246879370733,0.38696751077606656,Verde
2023-04-02,2.3004974453040705,2.3004974453040705,2.3004974453040563,2.3004974453040563,0.5534675215510115,0.4278294916382466,Verde
2023-04-05,0.0,0.0,0.0,2.687241240433909,0.534254649332885,0.5341008375488021,Verde
2023-04-07,54.77122124219083,54.77122124219083,57.59542522771888,57.59542522771888,0.4430513447255231,0.5228822862736565,Verde
2023-04-10,0.5383583875365067,0.5383583875365067,3.8694008585741924,6.644911153846981,0.559738108995317,0.5102578385364731,Verde
2023-04-12,5.1748369441312905,5.1748369441312905,5.397101262442988,5.935459649979496,0.31347539862510804,0.5123480343512417,Verde
2023-04-13,8.35531029209355,8.35531029209355,13.530147236224828,13.752411554536538,0.5679103031583216,0.4387549507819826,Verde
2023-04-15,0.0,0.0,67.96635664535808,76.32166693745162,0.5399001161942537,0.48037460359291545,Verde
2023-04-18,0.0,0.0,0.0,0.0,0.5369031409593834,0.47376193932589433,Verde
2023-04-20,0.0,0.0,0.0,0.0,0.236257834221786,0.5482378534373195,Verde
2023-04-21,2.526741969717535,2.526741969717535,2.526741969717521,2.5267419697175066,0.553211501788819,0.4376870304584743,Verde
2023-04-23,4.445061045432842,4.445061045432842,8.720097729617054,11.246839699334576,0.3508003484243634,0.442124158989996,Verde
2023-04-26,0.0,0.0,3.745868173909803,3.745868173909789,0.5272044565999644,0.380089894811656,Verde
2023-04-28,6.694222016915845,6.694222016915845,6.69422201691583,6.694222016915816,0.21378435629807163,0.47707210227104885,Verde
2023-04-29,0.0,0.0,6.69422201691583,6.694222016915816,0.55156860509138,0.3639297204407997,Verde
2023-05-01,15.690918698030364,15.690918698030364,15.69091869803035,15.690918698030336,0.2571271129551975,0.4308524726631386,Verde
2023-05-04,0.0,0.0,0.0,0.0,0.4947646526598382,0.34082669144821626,Verde
2023-05-06,0.0,0.0,0.0,0.0,0.2730901395880628,0.4344867902354717,Verde
2023-05-07,0.0,0.0,0.0,0.0,0.5484346846739451,0.3416606350676994,Verde
2023-05-09,0.0,0.0,0.0,0.0,0.42635701254181474,0.4387631589739485,Verde
2023-05-12,12.907184469933606,12.907184469933606,12.907184469933592,12.907184469933577,0.47303426608271976,0.41596061226794073,Verde
2023-05-14,0.8492548211659516,0.8492548211659516,6.573521894160628,19.48070636409422,0.3571833070744289,0.48260865443282636,Verde
2023-05-15,4.01486750819799,4.01486750819799,4.864122329363927,10.588389402358604,0.5684171525770397,0.4188581952329877,Verde
2023-05-17,0.0,0.0,30.19339224221049,34.20825975040847,0.4004826603949755,0.4662115752447293,Verde
2023-05-20,1.3614444366806304,1.3614444366806304,1.3614444366806162,1.3614444366806056,0.5254461462984139,0.44202770668214786,Verde
2023-05-22,0.9500769520049815,0.9500769520049815,0.9500769520049673,2.311521388685587,0.3565954406713617,0.49811531975680956,Verde
2023-05-23,0.0,0.0,0.9500769520049673,0.9500769520049567,0.5547532087022607,0.4275080824549169,Verde
2023-05-25,0.0,0.0,0.0,0.0,0.5158579641200127,0.47893159855734524,Verde
2023-05-28,0.0,0.0,31.113391269706593,31.113391269706582,0.5363383904613297,0.47573553783121153,Verde
2023-05-30,9.95977305959456,9.95977305959456,10.456470256977767,10.456470256977756,0.27981978920341904,0.5356498544278675,Verde
2023-05-31,32.16375120379228,32.16375120379228,42.12352426338683,42.62022146077004,0.5684171525770397,0.44400538126158695,Amarillo
2023-06-02,3.2397703965911475,3.2397703965911475,4.364530532662913,36.52828173645518,0.22676351159176927,0.46152511074726266,Verde
2023-06-05,7.485965767378292,7.485965767378292,9.880345765078857,10.659737497949207,0.4579383443998194,0.35833348445740915,Verde
2023-06-07,0.0,0.0,0.0,7.485965767378263,0.3019900357120492,0.4177063361895426,Verde
2023-06-08,0.0,0.0,0.0,0.0,0.5682567625210203,0.3288972972345458,Verde
2023-06-10,4.3620168908681,4.3620168908681,10.623192119273167,10.623192119273153,0.26275189589152387,0.4427283808776295,Verde
2023-06-13,2.8542307413041033,2.8542307413041033,2.854230741304089,5.682338216827118,0.4977839589975346,0.37766623137486427,Verde
2023-06-15,9.40836757650156,9.40836757650156,10.870423499275644,13.724654240579731,0.32366444007761175,0.4429308724700261,Verde
2023-06-18,0.15140900607812333,0.15140900607812333,18.746310015367005,24.937801744830146,0.4082079731869972,0.36140009832222325,Verde
2023-06-21,7.4918371714391165,7.4918371714391165,7.491837171439102,14.332265438427783,0.5206428407423798,0.4098854574207144,Verde
2023-06-23,13.577432239756867,13.577432239756867,19.25718209891875,26.749019270357856,0.47151782945997406,0.4175050846689961,Verde
2023-06-24,2.8398749295809487,2.8398749295809487,16.4173071693378,22.097057028499687,0.5679103031583216,0.46678954779645015,Verde
2023-06-26,11.615036620508377,11.615036620508377,12.685991862850715,15.525866792431652,0.33378719161735493,0.5200236577868916,Verde
2023-06-29,0.0,0.0,9.387492439021223,14.765147117702531,0.5635482838441586,0.4577384414118834,Verde
2023-07-01,13.090791522592738,13.090791522592738,14.728250564110134,14.728250564110123,0.41488561034202576,0.4884152595399449,Verde
2023-07-02,14.554787732552791,14.554787732552791,27.645579255145513,29.283038296662916,0.5679103031583216,0.4374070286011796,Verde
2023-07-04,0.0,0.0,18.296795597060147,32.85158332961292,0.4130600642883915,0.5154480657815018,Verde
2023-07-07,14.770990561951153,14.770990561951153,14.77099056195114,22.39909069373477,0.49500376140249186,0.4652853259295795,Verde
2023-07-09,8.712670379485825,8.712670379485825,8.943125856095453,23.71411641804659,0.4121703803539276,0.49199137628306816,Verde
2023-07-10,13.74224024396215,13.74224024396215,22.45491062344796,22.68536610005759,0.5633540881433706,0.4400780686816035,Verde
2023-07-12,10.966413334507468,10.966413334507468,43.20682696125391,56.94906720521604,0.3197166581667775,0.49017607663326324,Verde
2023-07-15,0.0,0.0,56.228102148239756,112.45620429647951,0.5122885380325646,0.4317470422213585,Verde
2023-07-17,11.420114317208602,11.420114317208602,38.23416783234446,38.23416783234444,0.32417106679801283,0.46511976144757083,Verde
2023-07-18,60.593281826399775,60.593281826399775,72.01339614360836,98.82744965874421,0.5679103031583216,0.3853920876657848,Verde
2023-07-20,7.40191426403179,7.40191426403179,7.4019142640317686,67.99519609043152,0.4558726536730925,0.46812330266296626,Verde
2023-07-23,38.869410966058524,38.869410966058524,81.19373231287805,81.19373231287804,0.5656550463433822,0.4493180078764755,Verde
2023-07-25,33.47095109333062,33.47095109333062,83.26729544715198,122.13670641321048,0.33978500384195093,0.529812667724932,Verde
2023-07-26,22.43077904976847,22.43077904976847,55.90173014309907,105.69807449692043,0.5533387864800705,0.4537709012861417,Verde
2023-07-31,7.273637609408641,7.273637609408641,33.6645164379988,43.78219013466144,0.48802152339448324,0.4862596122218011,Verde
2023-08-02,6.093119852581496,6.093119852581496,16.622409006315504,23.896046615724124,0.5352854413547734,0.4603817712388348,Verde
2023-08-05,0.5335054253271677,0.5335054253271677,0.5335054253271464,0.5335054253271251,0.3470997037901275,0.525548583743109,Verde
2023-08-08,16.08139046866571,16.08139046866571,28.87886553225308,28.918147463932634,0.5021648594531519,0.4568022228464612,Verde
2023-08-10,0.5602165191273148,0.5602165191273148,0.5602165191272935,16.641606987792983,0.27310822681448926,0.46151666819935083,Verde
2023-08-11,0.0,0.0,0.5602165191272935,0.5602165191272722,0.5587579450388064,0.3741242633525894,Verde
2023-08-13,7.059835205500896,7.059835205500896,22.03883854913994,22.038838549139918,0.40194152278461676,0.4446770104354824,Verde
2023-08-16,0.15263438407722338,0.15263438407722338,26.168479252755876,30.468456546770398,0.5490756942622963,0.4112692315459707,Verde
2023-08-18,5.232517798944914,5.232517798944914,5.232517798944893,5.385152183022095,0.577729344367981,0.5032583873619064,Verde
2023-08-19,1.227383042845275,1.227383042845275,6.4599008417901675,6.459900841790146,0.5679103031583216,0.509582187138298,Verde
2023-08-21,12.382117666551833,12.382117666551833,21.030636419928783,22.258019462774037,0.25504888893886546,0.5649051139295329,Verde
2023-08-24,2.0635898046176453,2.0635898046176453,30.757671589944866,48.97916366417793,0.4682937559896501,0.4668961788217226,Verde
2023-08-26,0.0,0.0,0.0,2.0635898046176027,0.24210365215080906,0.43041764936227894,Verde
2023-08-27,0.0,0.0,0.0,0.0,0.5679103031583216,0.3218154323597748,Verde
2023-08-29,0.0,0.0,0.0,0.0,0.3103375881910324,0.4261025704329269,Verde
2023-09-01,0.0,0.0,24.767472337883735,27.793958339951285,0.473317998407901,0.37345051450005434,Verde
2023-09-03,4.559307245139068,4.559307245139068,9.118614490278135,9.118614490278093,0.3603271974743097,0.4505219632524183,Verde
2023-09-04,8.306230824316861,8.306230824316861,12.865538069455908,17.424845314594954,0.5679103031583216,0.38132759469108096,Verde
2023-09-06,5.135227918421624,5.135227918421624,5.322936675940815,13.629167500257656,0.30245938306224757,0.46718516634684404,Verde
2023-09-09,2.064032860729091,2.064032860729091,20.35334114284464,31.886534350607356,0.4521897710089025,0.4102322945649595,Verde
2023-09-12,6.403206504925844,6.403206504925844,6.403206504925823,12.100131950313335,0.5679103031583216,0.44085315240982387,Verde
2023-09-14,0.0,0.0,0.0,6.403206504925802,0.33922433219057446,0.4408531524098238,Verde
2023-09-19,0.0,0.0,2.9772371022190844,29.15955224894904,0.1814088374376297,0.4531081354525995,Verde
2023-09-20,0.0,0.0,0.0,2.9772371022190667,0.5492768527447491,0.36284782426217516,Verde
2023-09-22,0.0,0.0,11.941681464309864,11.941681464309847,0.2999792232158336,0.35663667412431765,Verde
2023-09-25,0.0,0.0,4.549821145699127,4.549821145699109,0.45307069708561076,0.3435549711327374,Verde
2023-09-27,0.0,0.0,3.960993456820165,3.9609934568201473,0.13527663165553547,0.43410892434873105,Verde
2023-09-28,3.832411330475934,3.832411330475934,3.8324113304759093,7.793404787296081,0.543508850980079,0.29610885065232656,Verde
2023-09-30,0.0,0.0,1.654803276671753,5.48721460714767,0.23037127182744013,0.37728539324040833,Verde
2023-10-03,11.709322536286388,11.709322536286388,11.709322536286363,11.709322536286345,0.35953031788612233,0.3030522514876848,Verde
2023-10-05,6.545902682895449,6.545902682895449,6.5459026828954245,18.255225219181796,0.577729344367981,0.37780348023121374,Verde
2023-10-06,0.12143333671647875,0.12143333671647875,6.667336019611903,6.667336019611885,0.5141713948941778,0.38921031136051437,Verde
2023-10-08,0.0,0.0,4.543351496373677,4.664784833090137,0.25798143810410606,0.4838103523827603,Verde
2023-10-11,0.0,0.0,11.837951310963456,21.474145906965404,0.40364713787004863,0.44996072578875485,Verde
2023-10-13,0.0,0.0,0.0,0.0,0.39748160799063553,0.3919333236227775,Verde
2023-10-14,0.0,0.0,0.0,0.0,0.5122604656150971,0.35303672798826335,Verde
2023-10-16,9.260622805849874,9.260622805849874,12.861756330865703,12.861756330865685,0.21135608749143006,0.43779640382526036,Verde
2023-10-19,16.451172030287125,16.451172030287125,24.359680074560043,26.354870012654025,0.4228120618339242,0.3736993870323875,Verde
2023-10-22,0.4822939265414577,0.4822939265414577,13.801482072165124,25.593437220027845,0.5679103031583216,0.3821428716468171,Verde
2023-10-24,21.896588960470343,21.896588960470343,21.896588960470318,22.378882887011756,0.5170363187789917,0.40069281749455854,Verde
2023-10-27,3.4825454193206298,3.4825454193206298,7.0647445371388535,20.12680609411185,0.40591709427107336,0.5025862279237457,Verde
2023-10-29,6.9650908386412596,6.9650908386412596,8.307941679454498,11.79048709877511,0.5656550463433822,0.49695457206946214,Verde
2023-10-30,3.4825454193206298,3.4825454193206298,10.447636257961864,11.79048709877511,0.5260881682236989,0.49620281979781566,Verde
2023-11-01,2.6862890023201427,2.6862890023201427,14.574542155757664,18.057087575078278,0.4838610077383874,0.4992201029460514,Verde
2023-11-04,19.382325423647988,19.382325423647988,43.05573645638076,64.5486222959845,0.5091498446190493,0.525201407435156,Verde
2023-11-06,7.558476773267715,7.558476773267715,15.592134070823233,34.974459494471205,0.2845083050719419,0.5063663401937119,Verde
2023-11-07,1.41782103719004,1.41782103719004,8.976297810457726,17.00995510801326,0.561268305127648,0.4258397191431262,Verde
2023-11-09,0.0,0.0,0.0,1.4178210371899973,0.22881253063678741,0.451642151606213,Verde
2023-11-12,27.836782553006927,27.836782553006927,42.470892569598,42.470892569597986,0.5215014063421337,0.3581963802787924,Verde
2023-11-15,17.72348887922412,17.72348887922412,17.723488879224092,18.782070348533072,0.5679103031583216,0.4371940807021897,Verde
2023-11-17,23.242824269072788,23.242824269072788,46.598292291418446,64.32178117064255,0.4535165597823844,0.43940808004574744,Verde
2023-11-20,16.917556215531793,16.917556215531793,18.591874978731333,18.59187497873132,0.5303145025310845,0.5143094230942798,Verde
2023-11-22,0.2834752538929815,0.2834752538929815,0.2834752538929531,17.20103146942473,0.26914440866174366,0.5172471218239301,Verde
2023-11-23,0.0,0.0,0.2834752538929531,0.28347525389293887,0.5468185946516606,0.4176584903250708,Verde
2023-11-30,0.0,0.0,58.48478776130122,58.484787761301206,0.5659274471567033,0.4487591686148295,Verde
2023-12-01,0.0,0.0,0.0,58.484787761301206,0.5679103031583216,0.46063015015670244,Verde
2023-12-06,0.0,0.0,0.0,0.0,0.5684171525770397,0.5602187816555618,Verde
2023-12-08,0.0,0.0,0.0,0.0,0.48063020408153534,0.5674183009640215,Verde
2023-12-09,0.0,0.0,0.0,0.0,0.5684171525770397,0.5389858866056322,Verde
2023-12-11,0.0,0.0,0.0,0.0,0.44959053796444215,0.5391548364118716,Verde
2023-12-14,0.0,0.0,54.03159776185172,54.03159776185171,0.5684171525770397,0.499545964874339,Verde
2023-12-16,99.69186723974153,99.69186723974153,99.6918672397415,99.69186723974148,0.4762138874152971,0.528808281039507,Verde
2023-12-17,0.0,0.0,99.6918672397415,99.69186723974148,0.5684171525770397,0.4980738593189263,Verde
2023-12-19,0.0,0.0,0.0,0.0,0.5414293165982624,0.5376827308564588,Verde
2023-12-24,0.0,0.0,0.0,0.0,0.4537195637822151,0.5286867855301997,Verde
2023-12-25,0.0,0.0,0.0,0.0,0.5684171525770397,0.5211886776525056,Verde
2023-12-27,0.0,0.0,0.0,0.0,0.2901833098043095,0.5211886776525056,Verde
2023-12-30,0.0,0.0,50.42656812480849,55.171366780208665,0.5684171525770397,0.43744000872118805,Verde
2024-01-01,20.582197421855234,20.582197421855234,52.18111860172826,52.181118601728244,0.3490770757198334,0.47567253831946293,Verde
2024-01-02,0.0,0.0,20.582197421855206,52.181118601728244,0.5553696359458723,0.4025591793670608,Verde
2024-01-04,0.0,0.0,0.0,0.0,0.2768361167046442,0.4909546214142484,Verde
2024-01-07,0.0,0.0,0.0,0.0,0.3552651085545508,0.39376094279011653,Verde
2024-01-09,1.1449249687097263,1.1449249687097263,11.415796853900435,11.41579685390042,0.02197234518826008,0.395823620401689,Verde
2024-01-10,0.02689923776690003,0.02689923776690003,1.1718242064765978,11.442696091667322,0.5345009325081082,0.21802452348248494,Verde
2024-01-12,0.0,0.0,0.0,0.026899237766857396,0.18118311243764523,0.3039127954169729,Verde
2024-01-15,17.393125163319777,17.393125163319777,21.652222168313443,62.31979203041248,0.4090741323084352,0.2458854633780044,Verde
2024-01-18,3.94980251087862,3.94980251087862,12.00676348020351,17.536990085627785,0.5476888197175624,0.37491939241806277,Verde
2024-01-20,0.0,0.0,0.0,3.9498025108785773,0.3353413450478137,0.37931535482121426,Verde
2024-01-23,6.87355999893748,6.87355999893748,16.017549952176093,21.782848952066523,0.46488451544177595,0.43070143235793706,Verde
2024-01-25,0.0,0.0,0.0,6.873559998937437,0.18738935887813568,0.449304893402384,Verde
2024-01-26,0.0,0.0,0.0,0.0,0.5684171525770397,0.3292050731225751,Verde
2024-01-28,13.02900929950997,13.02900929950997,18.31037137616115,18.310371376161136,0.3756493045525117,0.40689700896565045,Verde
2024-01-31,6.99571280548538,6.99571280548538,10.215337546381878,15.878919779492115,0.5559965741406216,0.377151938669229,Verde
2024-02-02,14.70252446486009,14.70252446486009,35.16578958548749,42.161502390972856,0.47142556930581725,0.500021010423391,Verde
2024-02-03,0.0,0.0,14.702524464860062,35.165789585487474,0.5684171525770397,0.46769048266631685,Verde
2024-02-05,0.0,0.0,0.0,0.0,0.4403308668527109,0.5319464320078261,Verde
2024-02-08,8.703213738053654,8.703213738053654,30.774173648765903,36.80779179729967,0.5684171525770397,0.4933911962451893,Verde
2024-02-10,0.0,0.0,0.0,8.703213738053611,0.5064994394779205,0.5257217240022634,Verde
2024-02-11,17.194690492960092,17.194690492960092,17.194690492960063,17.19469049296005,0.5684171525770397,0.505082486302557,Verde
2024-02-13,0.0,0.0,0.0,17.19469049296005,0.5659274471567033,0.5477779148773333,Verde
2024-02-16,5.347360520716519,5.347360520716519,19.028707083127255,25.009691900202846,0.5684171525770397,0.5469480130705544,Verde
2024-02-18,0.0,0.0,10.401649045822232,15.749009566538737,0.4634321928024292,0.5675872507702608,Verde
2024-02-19,5.965000360314905,5.965000360314905,5.9650003603148765,16.36664940613712,0.5684171525770397,0.532592264178724,Verde
2024-02-21,31.03790415075226,31.03790415075226,61.36092320935701,67.32592356967191,0.5684171525770397,0.5334221659855028,Amarillo
2024-02-24,0.0,0.0,0.0,1.3635663852057067,0.5684171525770397,0.5334221659855028,Verde
2024-02-26,7.004968602537398,7.004968602537398,8.036159106430972,8.036159106430961,0.5732170446745811,0.5684171525770397,Verde
2024-02-27,5.315252574000314,5.315252574000314,12.320221176537679,13.351411680431276,0.5684171525770397,0.5700171166095535,Verde
2024-02-29,0.021628004205806177,0.021628004205806177,2.8033308348691968,8.118583408869501,0.5641921957333883,0.5700171166095535,Verde
2024-03-03,0.0,0.0,0.0,0.0,0.5684171525770397,0.5686087976616697,Verde
2024-03-05,0.0,0.0,0.0,0.0,0.5229367687941738,0.5670088336291559,Verde
2024-03-06,0.0,0.0,0.0,0.0,0.5684171525770397,0.5518487057015339,Verde
2024-03-08,0.0,0.0,0.0,0.0,0.5351509377571408,0.5532570246494176,Verde
2024-03-11,0.0,0.0,0.0,0.0,0.5684171525770397,0.5421682863761181,Verde
2024-03-13,0.0,0.0,0.0,0.0,0.5684171525770397,0.55732841430374,Verde
2024-03-14,0.0,0.0,0.0,0.0,0.5732170446745811,0.5573284143037399,Verde
2024-03-16,0.0,0.0,0.0,0.0,0.5684171525770397,0.5700171166095535,Verde
2024-03-19,177.24129629175783,177.24129629175783,177.2412962917578,177.2412962917578,0.5684171525770397,0.5700171166095535,Naranja
2024-03-21,0.0,0.0,0.0,177.24129629175778,0.5684171525770397,0.5700171166095535,Verde
2024-03-22,0.0,0.0,0.0,0.0,0.5684171525770397,0.5684171525770397,Verde
2024-03-24,0.0,0.0,0.0,0.0,0.45052814312528766,0.5684171525770397,Verde
2024-03-27,10.520973693379357,10.520973693379357,10.520973693379329,10.5209736933793,0.5386287605648407,0.5291208160931223,Verde
2024-03-29,0.0,0.0,0.0,10.5209736933793,0.41841218998344354,0.5191913520890559,Verde
2024-03-30,0.0,0.0,0.0,0.0,0.5684171525770397,0.4691896978911905,Verde
2024-04-01,0.0,0.0,0.0,0.0,0.44876374910322675,0.508486034375108,Verde
2024-04-04,0.0,0.0,0.0,0.0,0.425644102279079,0.47853103055456997,Verde
2024-04-06,30.41201706452952,30.41201706452952,30.41201706452949,30.41201706452946,0.36071330308914185,0.4809416679864484,Verde
2024-04-07,67.82611015040145,67.82611015040145,98.23812721493094,98.23812721493091,0.5684171525770397,0.4117070514904824,Naranja
2024-04-09,92.90887091491126,92.90887091491126,93.41076931705454,161.23687946745596,0.4040052608439797,0.4515915193150868,Verde
2024-04-12,3.127301363282395,3.127301363282395,4.582676497465075,100.12309666545792,0.44531882579246773,0.4443785721700537,Verde
2024-04-15,0.17755055621914245,0.17755055621914245,0.8313834622870444,3.849171015040897,0.5684171525770397,0.4725804130711624,Verde
2024-04-17,0.0,0.0,0.0,0.1775505562190856,0.20932506873276815,0.47258041307116233,Verde
2024-04-20,0.0,0.0,0.0,0.0,0.19194313395394094,0.40768701570075844,Verde
2024-04-22,0.0,0.0,0.0,0.0,0.23089866712689402,0.32322845175458287,Verde
2024-04-23,0.0,0.0,0.0,0.0,0.4367643191911387,0.21072228993786765,Verde
2024-04-25,1.2051152378092032,1.2051152378092032,1.2051152378091747,1.2051152378091463,0.18414072835918188,0.28653537342399116,Verde
2024-04-28,4.1077814167214575,4.1077814167214575,4.107781416721429,32.580480061731826,0.20286935083033364,0.2839345715590715,Verde
2024-04-30,0.0,0.0,0.0,4.107781416721401,0.11278690490871668,0.2745914661268847,Verde
2024-05-01,0.0,0.0,0.0,0.0,0.283665306591785,0.16659899469941067,Verde
2024-05-03,0.0,0.0,0.0,0.0,0.27695496444558276,0.19977385411027837,Verde
2024-05-06,0.0,0.0,0.0,0.09505177824692762,0.47662995798450913,0.22446905864869474,Verde
2024-05-09,1.4785920955742515,1.4785920955742515,2.62913561517724,7.6229937928208145,0.5344446388383707,0.3457500763406256,Verde
2024-05-11,8.709745140433414,8.709745140433414,8.709745140433386,10.188337236007609,0.20936992828640638,0.42934318708948743,Verde
2024-05-14,20.49071805129576,20.49071805129576,45.978332916285765,45.97833291628574,0.4895331600778981,0.4068148417030953,Verde
2024-05-16,11.858767284253473,11.858767284253473,22.104126309901325,42.594844361197055,0.20436660076181096,0.4111159090675583,Verde
2024-05-17,2.7290981595371897,2.7290981595371897,14.587865443790633,24.833224469438484,0.5684171525770397,0.3010898963753717,Verde
2024-05-19,4.1149650951379,4.1149650951379,6.469195019660168,9.198293179197325,0.4452157535336234,0.42077230447224956,Verde
2024-05-22,0.0,0.0,2.739571101118711,10.288664566281447,0.5499868062124298,0.40599983562415803,Verde
2024-05-24,0.0,0.0,0.0,0.0,0.4023921340703964,0.5212065707743642,Verde
2024-05-25,0.0,0.0,0.0,0.0,0.5684171525770397,0.46586489793881647,Verde
2024-05-27,0.0,0.0,0.0,0.0,0.49804881457506756,0.5069320309532886,Verde
2024-05-30,19.55580657949228,19.55580657949228,19.555806579492252,32.698807296037415,0.5684171525770397,0.4896193670741679,Verde
2024-06-02,0.0,0.0,0.0,5.0833678580915205,0.5684171525770397,0.5449610399097157,Verde
2024-06-04,6.881521946125731,6.881521946125731,20.507648936317985,20.50764893631795,0.3698572882910094,0.5449610399097157,Verde
2024-06-07,6.080225213612641,6.080225213612641,9.430311799354234,12.871072772417062,0.5684171525770397,0.5022305311483629,Verde
2024-06-09,0.0,0.0,0.0,6.080225213612576,0.4920598566532135,0.5022305311483629,Verde
2024-06-10,3.1611245485421238,3.1611245485421238,3.1611245485420962,3.161124548542059,0.5684171525770397,0.4767780991737542,Verde
2024-06-12,15.804683717010576,15.804683717010576,32.01620503398766,35.177329582529744,0.4084669734989659,0.542964720602431,Verde
2024-06-15,29.52167599930889,29.52167599930889,46.483263957226036,56.197530522878964,0.5684171525770397,0.4896479942430731,Amarillo
2024-06-17,4.471447907038866,4.471447907038866,15.629474568143397,45.15115056745225,0.4138017148492439,0.5151004262176818,Verde
2024-06-18,8.061380367246533,8.061380367246533,12.532828274285375,23.690854935389893,0.5684171525770397,0.46356194697508313,Verde
2024-06-20,7.3218299206362145,7.3218299206362145,17.70480214116516,25.766182508411656,0.3837204191958505,0.5168786733344412,Verde
2024-06-25,12.797293153260371,12.797293153260371,12.797293153260346,19.166705498609943,0.36151266668401844,0.45531309554071137,Verde
2024-06-26,8.089149110457479,8.089149110457479,20.886442263717825,20.886442263717782,0.5732170446745811,0.4378834128189695,Verde
2024-06-28,13.743049663046133,13.743049663046133,21.13968681415123,29.228835924608667,0.48562524464141804,0.43948337685148325,Verde
2024-07-01,33.8842262063185,33.8842262063185,33.88422620631847,45.102007618747145,0.5684171525770397,0.47345165200000583,Amarillo
2024-07-03,1.3806937958375065,1.3806937958375065,1.8631221782622254,35.74734838458069,0.4682376197309737,0.5424198139643462,Verde
2024-07-04,12.469561479280673,12.469561479280673,13.850255275118151,14.332683657542862,0.5741137236021878,0.5074266723164771,Verde
2024-07-06,8.907933268095832,8.907933268095832,8.907933268095803,21.37749474737644,0.4939215238066924,0.5369228319700671,Verde
2024-07-09,5.244375902673473,5.244375902673473,5.244375902673444,5.836020633692568,0.5632599884528292,0.5120909557132846,Verde
2024-07-11,20.060472116039435,20.060472116039435,23.417182293694314,28.66155819636775,0.32710183593645054,0.5437650786205698,Verde
2024-07-12,22.023938864393312,22.023938864393312,42.08441098043272,45.44112115808759,0.5741137236021878,0.46142778273199064,Amarillo
2024-07-14,44.047877728786624,44.047877728786624,61.66226868901816,83.68620755341144,0.44424603166477533,0.4881585159971558,Verde
2024-07-17,37.26816920957704,37.26816920957704,53.88586573751175,91.16400425838584,0.5613564605062658,0.44848719706780454,Verde
2024-07-19,50.28472272250151,50.28472272250151,80.10176820909479,117.36993741867178,0.2890033120886561,0.5265720719244096,Verde
2024-07-20,0.08415017286529931,0.08415017286529931,50.368872895366785,80.18591838196005,0.5526942858292211,0.43153526808656567,Verde
2024-07-22,16.35974449473167,16.35974449473167,26.985491529856567,27.06964170272184,0.29846710787060554,0.46768468614138087,Verde
2024-07-25,2.6982178683984217,2.6982178683984217,2.6982178683983933,50.58963243268228,0.4492839432218999,0.38005490192949415,Verde
2024-07-27,26.860889664086542,26.860889664086542,39.58747967063921,42.2856975390376,0.5187610345589203,0.4334817789739087,Verde
2024-07-28,18.417335344397504,18.417335344397504,45.278225008484014,58.004815015036684,0.5684171525770397,0.42217069521714184,Verde
2024-07-30,5.37892450761917,5.37892450761917,11.556222714426545,29.97355805882402,0.5188903363697837,0.51215404345262,Verde
2024-08-02,15.29812460929435,15.29812460929435,20.862063355051518,49.24520817274526,0.5517099988802768,0.5353561745019145,Verde
2024-08-05,0.0,0.0,7.219548386787589,7.219548386787564,0.5684171525770397,0.5463391626090334,Verde
2024-08-07,4.459036107969813,4.459036107969813,12.321861339855248,12.321861339855223,0.436530754611823,0.5463391626090334,Verde
2024-08-10,0.0,0.0,2.0699334514516825,6.102628797114809,0.5255063311620192,0.518885968689713,Verde
2024-08-13,4.809398420224917,4.809398420224917,7.214097630337347,7.2140976303373225,0.5684171525770397,0.5101514127836272,Verde
2024-08-18,5.434637290437509,5.434637290437509,7.588592293114077,7.5885922931140515,0.5509939950904208,0.5101514127836272,Verde
2024-08-21,14.221316578239838,14.221316578239838,29.941737565238128,29.9417375652381,0.5684171525770397,0.5483058262764932,Verde
2024-08-23,2.0548286755066703,2.0548286755066703,14.228498223086019,28.44981480132583,0.5533642811638316,0.5626094334148334,Verde
2024-08-26,20.96375455311599,20.96375455311599,25.82853028373846,29.07104223910698,0.45925564479314535,0.5575918096104306,Verde
2024-08-28,1.4412307592913927,1.4412307592913927,5.792576542290856,26.756331095406818,0.310799915343523,0.5270123595113388,Verde
2024-08-29,3.2762586243215623,3.2762586243215623,4.717489383612927,9.068835166612391,0.5684171525770397,0.44113994710016663,Verde
2024-09-03,5.891311297941086,5.891311297941086,6.855121747916893,23.228321244141373,0.5670771618358424,0.4461575709045693,Verde
2024-09-05,0.0,0.0,0.0,5.891311297941029,0.3900761316267497,0.4820980765854683,Verde
2024-09-06,7.559993805482868,7.559993805482868,7.55999380548284,7.5599938054828115,0.5732170446745811,0.5085234820132106,Verde
2024-09-08,19.77725097529419,19.77725097529419,35.99064004350092,43.550633848983765,0.4082425553262519,0.5101234460457243,Verde
2024-09-11,5.120482135205216,5.120482135205216,19.733577243913853,25.489136599518705,0.5579747397933851,0.45717857720919414,Verde
2024-09-13,3.607820491656624,3.607820491656624,8.737754768422775,13.858236903627963,0.3439705285333818,0.5131447799314061,Verde
2024-09-14,1.817907600451613,1.817907600451613,5.4257280921082085,10.55566236887436,0.5482948395643342,0.43672927455100624,Verde
2024-09-16,23.832657014825667,23.832657014825667,28.91747977158397,30.735387372035554,0.4824104826701315,0.48341336929703366,Verde
2024-09-19,23.832657014825667,23.832657014825667,23.83265701482564,47.66531402965128,0.5684171525770397,0.4582252835892824,Amarillo
2024-09-21,5.824672918490437,5.824672918490437,19.51412698415638,43.34678399898202,0.42476630075411365,0.5330408249371684,Verde
2024-09-22,0.0,0.0,5.824672918490409,19.514126984156352,0.5741137236021878,0.49186464533376156,Verde
2024-09-24,11.703866763492986,11.703866763492986,17.528539681983396,17.528539681983368,0.3349122047930871,0.5224323923111137,Verde
2024-09-27,4.353545730579438,4.353545730579438,7.299407969960142,24.77342676852157,0.5684171525770397,0.4445974097164627,Verde
2024-09-29,2.0066832469654003,2.0066832469654003,2.0066832469653755,6.360228977544782,0.48743261789020736,0.4924810269907715,Verde
2024-09-30,14.972461925646435,14.972461925646435,16.979145172611812,16.97914517261178,0.5684171525770397,0.46358732508677797,Verde
2024-10-02,7.501544621899306,7.501544621899306,17.115207156256922,32.08766908190333,0.5658611421379747,0.541422307681429,Verde
2024-10-05,1.4108721468048226,1.4108721468048226,5.458905754186894,10.522252543604633,0.5684171525770397,0.5405703042017406,Verde
2024-10-07,0.0,0.0,0.0,1.4108721468047676,0.486210909899342,0.5675651490973513,Verde
2024-10-08,4.953414063116271,4.953414063116271,4.953414063116246,4.953414063116216,0.5684171525770397,0.5401630682047854,Verde
2024-10-10,14.842237628634322,14.842237628634322,19.637660089762694,24.591074152878935,0.5019313017147009,0.5410150716844737,Verde
2024-10-13,0.11566308819119586,0.11566308819119586,5.929625661984914,12.790381041735687,0.5684171525770397,0.5188531213970276,Verde
2024-10-15,8.280426756906795,8.280426756906795,22.13115974277484,22.24682283096601,0.38362542816227485,0.5462552022895933,Verde
2024-10-16,0.18912710578443653,0.18912710578443653,8.469553862691207,22.32028684855925,0.5684171525770397,0.48465796081800505,Verde
2024-10-18,0.0,0.0,9.034016051459066,9.223143157243472,0.44883992376795223,0.5068199111054513,Verde
2024-10-21,0.524596883817707,0.524596883817707,5.6771261759121145,20.679452714407788,0.5684171525770397,0.4669608348357555,Verde
2024-10-23,0.0,0.0,7.539757733861277,8.064354617678955,0.2341570551942496,0.5285580763073439,Verde
2024-10-24,0.0,0.0,0.0,7.539757733861247,0.557543292855532,0.41713804384641384,Verde
2024-10-26,0.0,0.0,9.063260574373317,9.063260574373286,0.31781109505229527,0.4533725002089404,Verde
2024-10-29,9.278435942868544,9.278435942868544,37.081552891678385,85.59564865336694,0.5639488404732572,0.36983714770069215,Verde
2024-10-31,5.8511305961056035,5.8511305961056035,45.14027247465478,54.41870841752329,0.3204260548848784,0.4797677427936948,Verde
2024-11-01,0.40109598789068746,0.40109598789068746,6.252226583996262,45.541368462545435,0.5684171525770397,0.4007286634701435,Verde
2024-11-03,40.68329389463199,40.68329389463199,52.912932133329065,53.31402812121972,0.47110684444174245,0.48426401597839175,Verde
2024-11-06,5.913270416975225,5.913270416975225,12.883485008688506,34.21155803872288,0.533617121822526,0.4533166839678868,Verde
2024-11-08,37.61949200642385,37.61949200642385,59.90437685030703,65.81764726728223,0.25433045625686646,0.5243803729471027,Verde
2024-11-09,34.50444298083215,34.50444298083215,72.12393498725598,94.40881983113916,0.5684171525770397,0.4196848075070449,Amarillo
2024-11-11,31.09580123394042,31.09580123394042,31.095801233940392,65.60024421477252,0.42602107128458155,0.4521215768854773,Verde
2024-11-14,0.0,0.0,17.64787231016035,36.45379370903211,0.5352981459866301,0.41625622670616247,Verde
2024-11-17,21.82503574481909,21.82503574481909,25.19801528049346,28.249531414197783,0.5684171525770397,0.5099121232827504,Amarillo
2024-11-19,7.6597685130965685,7.6597685130965685,7.65976851309654,29.484804257915602,0.46080602356121303,0.5099121232827504,Verde
2024-11-22,0.0,0.0,0.0,0.0,0.5603687132944901,0.5215071073749609,Verde
2024-11-25,0.0,0.0,40.613107643875395,96.31667177959675,0.5684171525770397,0.5298639631442476,Verde
2024-11-27,9.82551027909366,9.82551027909366,29.553212515838286,29.553212515838258,0.5548087049043919,0.5298639631442476,Verde
2024-11-30,1.553984205436219,1.553984205436219,5.205644999013809,5.2056449990137805,0.5684171525770397,0.5611981902586405,Verde
2024-12-03,0.0,0.0,0.0,0.0,0.5684171525770397,0.5638810033528238,Verde
2024-12-05,0.0,0.0,0.0,0.0,0.5044656701065137,0.5638810033528237,Verde
2024-12-08,0.0,0.0,0.0,0.0,0.5684171525770397,0.547099991753531,Verde
2024-12-11,0.0,0.0,0.0,0.0,0.5684171525770397,0.547099991753531,Verde
2024-12-13,0.0,0.0,0.0,0.0,0.37693576044157934,0.547099991753531,Verde
2024-12-16,0.0,0.0,0.0,0.0,0.3736857023963518,0.5045900218652195,Verde
2024-12-19,0.2521432208283173,0.2521432208283173,0.2521432208282889,0.25214322082826046,0.5472387772712981,0.4396795384716569,Verde
2024-12-21,44.27025828967213,44.27025828967213,44.2702582896721,44.52240151050039,0.343965221891563,0.43262008003640967,Verde
2024-12-24,0.0,0.0,0.0,4.403823789123323,0.5256530344486237,0.42162990051973753,Verde
2024-12-27,42.02228058492233,42.02228058492233,60.894451745432434,221.7102692962607,0.555018607794383,0.47228567787049486,Verde
2024-12-29,38.647707603370044,38.647707603370044,89.58808818274039,131.6103687676627,0.2002299492510312,0.47487895471152314,Verde
2025-01-01,0.0,0.0,0.0,58.75905748157545,0.3206251889609834,0.4269671971646792,Verde
2025-01-04,120.93804572610294,120.93804572610294,120.93804572610291,120.93804572610289,0.5242870192636143,0.3586245820021325,Verde
2025-01-06,0.0,0.0,0.0,120.93804572610289,0.23308648060211973,0.3483807191585429,Verde
2025-01-09,1.1175638086655564,1.1175638086655564,1.117563808665528,69.44082499160177,0.5684171525770397,0.3593328962755724,Verde
2025-01-11,0.0,0.0,0.0,1.1175638086654995,0.22788920439779756,0.44193021748092454,Verde
2025-01-12,0.0,0.0,0.0,0.0,0.5609362185286563,0.3431309458589857,Verde
2025-01-14,0.0,0.0,0.0,0.0,0.20611029631640923,0.4524141918344979,Verde
2025-01-17,0.0,0.0,0.0,0.0,0.5684171525770397,0.331645239747621,Verde
2025-01-20,0.0,0.0,0.0,0.0,0.5684171525770397,0.4451545558073684,Verde
2025-01-22,17.90204999635896,17.90204999635896,21.535232064872314,21.535232064872286,0.5684171525770397,0.4476482004901629,Verde
2025-01-25,21.722928704914636,21.722928704914636,38.88730744266752,57.0103971078064,0.5684171525770397,0.5684171525770397,Amarillo
2025-01-28,0.0,0.0,0.0,0.0,0.5684171525770397,0.5684171525770397,Verde
2025-01-30,0.0,0.0,0.0,0.0,0.5741137236021878,0.5684171525770397,Verde
2025-02-02,0.0,0.0,6.20875428338792,6.208754283387892,0.5741137236021878,0.5703160095854224,Verde
2025-02-04,0.0,0.0,0.0,0.0,0.5684171525770397,0.572214866593805,Verde
2025-02-05,0.0,0.0,0.0,0.0,0.5684171525770397,0.5722148665938052,Verde
2025-02-07,8.519801998788845,8.519801998788845,28.08014277850878,28.08014277850875,0.5665090325061214,0.5703160095854224,Verde
2025-02-10,3.7682836844386545,3.7682836844386545,6.174444798008531,7.8006961413762586,0.5684171525770397,0.5677811125534002,Verde
2025-02-12,0.0,0.0,4.183226334164487,7.951510018603113,0.5221733021679107,0.5677811125534004,Verde
2025-02-13,0.0,0.0,0.0,4.183226334164458,0.5684171525770397,0.5523664957503573,Verde
2025-02-15,29.040171238670776,29.040171238670776,57.040398883087846,57.04039888308782,0.4709223376934608,0.5530025357739967,Verde
2025-02-18,0.8475814097372772,0.8475814097372772,0.8475814097372488,0.8475814097372204,0.5684171525770397,0.520504264146137,Verde
2025-02-20,45.21613026884816,45.21613026884816,45.21613026884813,46.063711678585385,0.5262229538732959,0.53591888094918,Verde
2025-02-21,71.20914988017753,71.20914988017753,116.42528014902567,116.42528014902564,0.5684171525770397,0.5218541480479321,Naranja
2025-02-23,0.0,0.0,0.0,71.20914988017748,0.5684171525770397,0.5543524196757917,Verde
2025-02-26,0.16445644809614363,0.16445644809614363,0.1644564480961152,0.16445644809608678,0.5684171525770397,0.5543524196757917,Verde
2025-02-28,19.210226876859675,19.210226876859675,19.21459677513013,19.379053223226244,0.5667024430404641,0.5684171525770397,Verde
2025-03-01,0.0,0.0,19.210226876859647,19.2145967751301,0.5684171525770397,0.5678455827315145,Verde
2025-03-03,0.0,0.0,0.0,0.0,0.5284175127744675,0.5678455827315144,Verde
2025-03-06,0.0,0.0,0.0,0.0,0.5684171525770397,0.5545123694639904,Verde
2025-03-08,0.0,0.0,0.0,0.0,0.43399035930633545,0.5550839393095156,Verde
2025-03-09,0.0,0.0,0.0,0.0,0.5670771618358424,0.5102750082192808,Verde
2025-03-11,0.0,0.0,0.0,0.0,0.4590139024043351,0.5231615579064058,Verde
2025-03-14,0.0,0.0,0.0,0.0,0.559560910081179,0.48669380784883765,Verde
2025-03-16,0.0,0.0,0.0,0.0,0.3184166589849874,0.5285506581071189,Verde
2025-03-17,0.0,0.0,0.0,0.0,0.5684171525770397,0.4456638238235005,Verde
2025-03-19,0.0,0.0,0.0,0.0,0.41681343402588766,0.48213157388106875,Verde
2025-03-22,0.0,0.0,0.0,0.0,0.5548388078167107,0.43454908186263824,Verde
2025-03-24,0.0,0.0,0.0,0.0,0.4344162925564009,0.5133564648065461,Verde
2025-03-25,132.09596742856027,132.09596742856027,132.09596742856024,132.09596742856021,0.5732170446745811,0.46868951146633303,Rojo
2025-03-27,1.677738131159712,1.677738131159712,87.66208738439221,219.75805481295245,0.4238321111675655,0.5208240483492309,Verde
2025-03-30,0.0,0.0,0.0,1.2796565037147105,0.5684171525770397,0.47715514946618254,Verde
2025-04-01,0.0,0.0,0.0,0.0,0.4356649864158955,0.5218221028063955,Verde
2025-04-02,0.0,0.0,0.0,0.0,0.5684171525770397,0.4759714167201669,Verde
2025-04-04,0.0,0.0,0.0,0.0,0.36110330176980865,0.524166430523325,Verde
2025-04-07,35.622897948145564,35.622897948145564,35.622897948145535,36.586164423266894,0.5684171525770397,0.4550618135875813,Amarillo
2025-04-09,0.0,0.0,8.110865563687739,43.733763511833274,0.35724762326381243,0.49931253564129613,Verde
2025-04-10,0.0,0.0,0.0,8.11086556368771,0.5684171525770397,0.428922692536887,Verde
2025-04-12,8.084474576606977,8.084474576606977,8.084474576606949,8.08447457660692,0.4178404570624018,0.49802730947263063,Verde
2025-04-15,0.0,0.0,98.59178575286474,124.74644176388838,0.5684171525770397,0.447835077634418,Verde
2025-04-18,0.0,0.0,0.0,0.0,0.5732170446745811,0.5182249207388271,Verde
2025-04-20,1.0268283983833855,1.0268283983833855,1.0268283983833713,1.0268283983833286,0.4591329810722023,0.5198248847713409,Verde
2025-04-23,0.0,0.0,0.0,98.8135872505103,0.5741137236021878,0.5335890594412744,Verde
2025-04-25,0.0,0.0,0.0,0.0,0.43338265269994736,0.5354879164496571,Verde
2025-04-26,0.0,0.0,0.0,0.0,0.5684171525770397,0.48887645245811245,Verde
2025-04-28,0.0,0.0,0.5759776766647626,0.57597767666472,0.3015383735085218,0.5253045096263916,Verde
2025-05-01,0.825636172640151,0.825636172640151,0.8256361726401368,12.152602272163717,0.40351763567285676,0.43444605959516963,Verde
2025-05-03,1.1282860942102353,1.1282860942102353,1.128286094210221,1.9539222668503293,0.28008894560237724,0.4244910539194728,Verde
2025-05-04,0.30277171220315996,0.30277171220315996,1.431057806413381,1.4310578064133384,0.5444450031912498,0.32838165159458527,Verde
2025-05-06,8.61673549617953,8.61673549617953,8.616735496179516,8.919507208382633,0.10629070162152252,0.4093505281554946,Verde
2025-05-09,2.5077668236344675,2.5077668236344675,5.63079395481183,12.23701376683261,0.27929606723986317,0.31027488347171656,Verde
2025-05-11,0.0,0.0,4.036242248863603,6.544009072498028,0.26533977314829826,0.31001059068421183,Verde
2025-05-12,0.0,0.0,0.0,4.0362422488635605,0.3150689852865119,0.216975514003228,Verde
2025-05-14,20.997844440756143,20.997844440756143,43.64444023142079,43.644440231420745,0.028907936066389084,0.2865682752248911,Verde
2025-05-17,2.1029282089796015,2.1029282089796015,16.525635638200402,18.829980878065662,0.23919303055669439,0.20310556483373313,Verde
2025-05-19,4.918210714979246,4.918210714979246,9.197404589291207,11.300332798270766,0.08719899443288645,0.19438998396986515,Verde
2025-05-20,1.2744753517254948,1.2744753517254948,6.192686066704726,10.47187994101666,0.56657318502176,0.11843332035199002,Verde
2025-05-22,0.0,0.0,23.19085659537676,24.465331947102214,0.5028644897150651,0.29765507000378033,Verde
2025-05-25,20.82794698404636,20.82794698404636,31.1377530163003,32.60211650022353,0.5684171525770397,0.38554555638990395,Verde
2025-05-27,0.0,0.0,9.403551224044309,30.23149820809062,0.5641921957333883,0.5459516091046217,Verde
2025-05-28,10.091156834328368,10.091156834328368,10.091156834328357,19.494708058372634,0.5684171525770397,0.5451579460084978,Verde
2025-05-30,10.171855403334284,10.171855403334284,16.855510605570593,26.94666743989892,0.47753224974614006,0.567008833629156,Verde
2025-06-02,0.0,0.0,17.387328360899833,17.38732836089979,0.5078704918257928,0.5367138660188561,Verde
2025-06-05,26.738587651817795,26.738587651817795,33.132160205873575,33.13216020587353,0.5684171525770397,0.5179399647163242,Amarillo
2025-06-07,0.21249153221761277,0.21249153221761277,4.0876230726054965,30.826210724423248,0.5503838842280173,0.5179399647163242,Verde
2025-06-10,17.29912508438514,17.29912508438514,37.09747135425772,49.73482244154982,0.5684171525770397,0.54222384287695,Verde
2025-06-13,13.297936665534163,13.297936665534163,24.232464320417755,30.44687883567317,0.5684171525770397,0.5624060631273656,Verde
2025-06-15,6.98754273046313,6.98754273046313,24.27502803038249,37.57296469591661,0.5137540768371539,0.5624060631273656,Verde
2025-06-18,6.075800983090739,6.075800983090739,35.60898887531835,63.39716325981024,0.5670771618358424,0.5501961273304112,Verde
2025-06-21,26.818130067140757,26.818130067140757,31.05649709660886,31.326324606388887,0.5684171525770397,0.5497494637500121,Amarillo
2025-06-23,33.920411814814024,33.920411814814024,47.81845988072803,74.63658994786874,0.44961304820040193,0.549749463750012,Verde
2025-06-26,4.659728412026538,4.659728412026538,18.55777647794054,18.557776477940504,0.5148218665539362,0.5283691208710947,Verde
2025-06-29,11.908405274686304,11.908405274686304,18.36647441259125,21.363910531956982,0.5684171525770397,0.5109506891104594,Verde
2025-07-01,18.648390983783173,18.648390983783173,47.81170238029824,59.72010765498451,0.2808425420422873,0.5109506891104593,Verde
2025-07-04,5.889526687924516,5.889526687924516,13.15158558623564,35.80063890455523,0.5474171314798473,0.45469385372442117,Verde
2025-07-07,7.858138088476731,7.858138088476731,24.39202891591259,30.40922915335908,0.5684171525770397,0.46555894203305814,Verde
2025-07-09,0.0,0.0,2.722081663663416,10.580219752140108,0.2570890562172141,0.46555894203305814,Verde
2025-07-12,9.139632156742808,9.139632156742808,17.908058797002127,37.809813106354696,0.5684171525770397,0.45764111342470043,Verde
2025-07-14,13.093316618032368,13.093316618032368,13.634922583897897,22.774554740640667,0.3441143721426512,0.46464112045709793,Verde
2025-07-15,0.1282421585239108,0.1282421585239108,13.221558776556265,13.763164742421768,0.5684171525770397,0.3898735269789684,Verde
2025-07-17,7.45388994517737,7.45388994517737,7.453889945177356,7.582132103701228,0.31558094013250615,0.4936495590989103,Verde
2025-07-20,9.623117746091356,9.623117746091356,107.1949711106114,115.24802405511016,0.5684171525770397,0.40937082161739907,Verde
2025-07-22,35.88126644189808,35.88126644189808,46.10639384172964,55.72951158782096,0.40907219950662277,0.48413841509552863,Verde
2025-07-23,30.112760662524398,30.112760662524398,65.99402710442246,76.21915450425399,0.5684171525770397,0.4310234307387229,Amarillo
2025-07-25,0.09540826321054705,0.09540826321054705,0.09540826321053283,30.20816892573489,0.45720736314071697,0.5153021682202341,Verde
2025-07-28,0.0,0.0,11.299930776578169,17.485733925330713,0.5494969224815733,0.4782322384081265,Verde
2025-07-30,8.30452754816639,8.30452754816639,24.718214603742766,24.718214603742723,0.4720229128616278,0.5250404793997766,Verde
2025-07-31,0.0,0.0,8.304527548166377,24.718214603742723,0.5684171525770397,0.4929090661613061,Verde
2025-08-02,0.0,0.0,0.0,0.0,0.4672560784520144,0.5299789959734137,Verde
2025-08-05,15.538336205868669,15.538336205868669,15.637943784090957,56.505919609329936,0.5684171525770397,0.502565381296894,Verde
2025-08-07,0.0,0.0,11.761815485746952,27.300151691615582,0.5684171525770397,0.5346967945353647,Verde
2025-08-08,0.0,0.0,0.0,11.76181548574691,0.5741137236021878,0.5346967945353646,Verde
2025-08-10,0.17398551459609193,0.17398551459609193,5.461923721399644,5.461923721399601,0.453152541195947,0.5703160095854224,Verde
2025-08-13,0.0,0.0,1.1992809217604083,16.178227295351096,0.5684171525770397,0.5318944724583916,Verde
2025-08-15,20.453234052210924,20.453234052210924,40.49818258293652,40.49818258293648,0.5469567633131475,0.5318944724583915,Verde
2025-08-16,0.0,0.0,20.45323405221091,40.49818258293648,0.5684171525770397,0.5228421523620449,Verde
2025-08-18,8.826400712119751,8.826400712119751,21.209885706986903,21.20988570698686,0.5021603375530699,0.5612636894890757,Verde
2025-08-21,10.663803440428959,10.663803440428959,10.663803440428945,10.663803440428902,0.5515355603261428,0.5391780844810857,Verde
2025-08-23,0.7218789017718772,0.7218789017718772,0.721878901771863,11.385682342200779,0.46463552188645135,0.5407043501520842,Verde
2025-08-24,13.562967159762307,13.562967159762307,14.28484606153417,14.284846061534127,0.5684171525770397,0.5061104732552214,Verde
2025-08-26,41.34167428760578,41.34167428760578,42.131652920853846,55.69462008061611,0.4982925903711593,0.5281960782632114,Verde
2025-08-29,0.0,0.0,17.291580590852167,23.545281126472695,0.5397438034058758,0.5104484216115502,Verde
2025-08-31,0.5239505950752122,0.5239505950752122,0.523950595075198,0.5239505950751554,0.5471794718385755,0.5354845154513583,Verde
2025-09-01,11.89569612618501,11.89569612618501,12.419646721260207,12.419646721260165,0.5684171525770397,0.528405288538537,Verde
2025-09-03,7.554684834102231,7.554684834102231,7.554684834102217,19.450380960287184,0.33292474365975866,0.5517801426071638,Verde
2025-09-06,0.0,0.0,15.281377912685581,22.836062746787768,0.5575723419919539,0.4828404560251247,Verde
2025-09-08,0.0,0.0,3.732541426571623,3.73254142657158,0.5614149570465088,0.48630474607625085,Verde
2025-09-09,4.408039266191175,4.408039266191175,4.408039266191161,8.140580692762756,0.5684171525770397,0.48397068089940715,Verde
2025-09-11,0.0,0.0,0.0,4.4080392661911185,0.40019740085852773,0.5624681505385009,Verde
2025-09-14,0.0,0.0,4.483412506025451,17.933650162315477,0.5341925417122089,0.5100098368273588,Verde
2025-09-17,5.600183510922613,5.600183510922613,20.830509763442837,20.830509763442794,0.5684171525770397,0.5009356983825922,Verde
2025-09-19,0.15102100453616613,0.15102100453616613,0.15102100453615191,5.751204515458722,0.5732170446745811,0.5009356983825922,Verde
2025-09-22,0.0,0.0,0.29479462228466286,0.2947946222846202,0.5684171525770397,0.5586089129879434,Verde
2025-09-24,5.511169001269524,5.511169001269524,5.51116900126951,5.511169001269467,0.36928021907806396,0.5700171166095537,Verde
2025-09-25,16.3513120495145,16.3513120495145,21.862481050784012,21.86248105078397,0.5684171525770397,0.5036381387765617,Verde
2025-09-27,0.0,0.0,0.0,16.35131204951444,0.43603524444491093,0.5020381747440479,Verde
2025-09-30,7.0192463298384595,7.0192463298384595,21.00794142571047,21.052333992765327,0.5684171525770397,0.4579108720333383,Verde
2025-10-02,8.055265178664161,8.055265178664161,8.055265178664143,15.074511508502564,0.3264276872444423,0.5242898498663302,Verde
2025-10-03,0.14822247144206407,0.14822247144206407,8.203487650106208,8.203487650106169,0.5684171525770397,0.4436266947554644,Verde
2025-10-05,12.038296458869539,12.038296458869539,14.875807933693533,15.024030405135559,0.538959630225834,0.48775399746617404,Verde
2025-10-08,12.015530348840374,12.015530348840374,13.11343983209548,14.532989752262088,0.5679103031583216,0.4779348233491055,Verde
2025-10-10,1.7036329093186753,1.7036329093186753,4.923636153835758,16.93916650267609,0.5459214327723215,0.5584290286537319,Verde
2025-10-11,0.3590999153670549,0.3590999153670549,2.062732824685712,5.282736069202773,0.5684171525770397,0.5509304553854925,Verde
2025-10-13,17.64959829156458,17.64959829156458,17.649598291564562,18.008698206931577,0.5155399441719055,0.560749629502561,Verde
2025-10-16,3.5455509049203395,3.5455509049203395,16.83106900115146,22.714268345763664,0.5684171525770397,0.5432928431737557,Verde
2025-10-18,3.9120719731616247,3.9120719731616247,4.123390519303925,7.668941424224226,0.4011257602409883,0.550791416441995,Verde
2025-10-19,9.812851995255128,9.812851995255128,13.724923968416736,13.936242514559014,0.5684171525770397,0.49502761899664455,Verde
2025-10-21,2.1130621247279375,2.1130621247279375,10.585701069563536,20.39855306481863,0.5684171525770397,0.5126533551316893,Verde
2025-10-24,2.4879234840193067,2.4879234840193067,2.487923484019289,3.229289663620459,0.5684171525770397,0.5126533551316893,Verde
2025-10-26,4.7652064048624,4.7652064048624,4.797570277357938,7.2854937613772055,0.4638914589165965,0.5684171525770397,Verde
2025-10-27,7.475711278191818,7.475711278191818,12.2409176830542,12.273281555549715,0.5684171525770397,0.5335752546902254,Verde
2025-10-29,2.357618929480043,2.357618929480043,6.9105520565491325,14.38626333474091,0.5584728113201817,0.5335752546902255,Verde
2025-11-01,18.273298422902037,18.273298422902037,40.33061830629573,59.577847940131065,0.5684171525770397,0.5302604742712728,Verde
2025-11-03,15.676000031262307,15.676000031262307,51.668778264614005,69.942076687516,0.5453748355309168,0.5651023721580871,Verde
2025-11-04,16.194713733588543,16.194713733588543,31.870713764850834,67.8634919982025,0.5684171525770397,0.5574215998093796,Verde
2025-11-06,0.0,0.0,0.0,16.194713733588486,0.42566524260637295,0.5607363802283322,Verde
2025-11-09,10.410311255410301,10.410311255410301,10.410311255410287,10.410311255410244,0.4629547024885433,0.51315241023811,Verde
2025-11-12,18.613397148665666,18.613397148665666,29.99510114577114,45.03032143097699,0.5684171525770397,0.4856790325573188,Verde
2025-11-14,0.0,0.0,0.36610292595669236,18.979500074622315,0.2275734214232333,0.4856790325573188,Verde
2025-11-17,0.10637874473188032,0.10637874473188032,11.927000297000024,11.927000296999982,0.5684171525770397,0.41964842549627224,Verde
2025-11-19,0.0,0.0,0.0,0.10637874473182347,0.49461989228924114,0.45480257552577114,Verde
2025-11-20,26.310110119805827,26.310110119805827,26.310110119805813,26.31011011980577,0.5684171525770397,0.43020348876317155,Amarillo
2025-11-22,7.647169810731698,7.647169810731698,51.53417614597797,77.84428626578377,0.4732912552128568,0.5438180658144404,Verde
2025-11-25,1.9011797306381122,1.9011797306381122,2.77693803993331,6.833460131671162,0.5636460414628663,0.5121094333597127,Verde
2025-11-27,23.495155861310646,23.495155861310646,45.292903817218274,47.19408354785635,0.570936918258667,0.5351181497509211,Amarillo
2025-11-28,28.849865067035648,28.849865067035648,52.34502092834628,74.14276888425388,0.5684171525770397,0.5359580716447968,Amarillo
2025-11-30,2.0367913468719445,2.0367913468719445,38.34987005563444,67.19973512267005,0.5364490112904726,0.5676667040995245,Verde
2025-12-03,50.39036073871688,50.39036073871688,86.82771192487243,90.40459337340185,0.5684171525770397,0.5586010273753933,Naranja
2025-12-05,0.0,0.0,1.8275077946655514,52.21786853338238,0.530013670158116,0.5577611054815175,Verde
2025-12-06,0.0,0.0,0.0,1.8275077946655016,0.5684171525770397,0.5449599446752096,Verde
2025-12-08,0.0,0.0,0.0,0.0,0.4208164524518702,0.555615991770732,Verde
2025-12-11,0.0,0.0,0.0,0.0,0.5640113483490556,0.5064157583956754,Verde
2025-12-13,87.8469228817679,87.8469228817679,87.84692288176788,87.84692288176784,0.329699052221467,0.5177483177926554,Verde
2025-12-14,51.27896488251487,51.27896488251487,139.12588776428277,139.1258877642827,0.5732170446745811,0.43817561767413116,Naranja
2025-12-16,0.0,0.0,145.0759773156832,196.354942198198,0.5684171525770397,0.4889758150817014,Verde
2025-12-19,0.0,0.0,0.11801428441196453,0.11801428441190769,0.5684171525770397,0.4904444164910295,Verde
2025-12-21,0.0,0.0,0.0,0.0,0.37152865919910494,0.5700171166095537,Verde
2025-12-22,0.0,0.0,0.0,0.0,0.5741137236021878,0.5027876547843949,Verde
2025-12-24,0.0,0.0,0.0,0.0,0.43466126414075973,0.5046865117927776,Verde
2025-12-27,0.0,0.0,0.0,0.0,0.5684171525770397,0.46010121564735096,Verde
2025-12-29,0.0,0.0,0.0,0.0,0.4959822416162947,0.5257307134399959,Verde
2025-12-30,0.0,0.0,0.0,0.0,0.5741137236021878,0.49968688611136486,Verde
